survived,pclass,age,sibsp,parch,fare,adult_male,embark_town,alive,FamilySize,sex_male,embarked_q,embarked_s,class_Second,class_Third,who_man,who_woman,alone_True,FamilyCategory_Small,FamilyCategory_Large,AgeGroup_Teen,AgeGroup_Young Adult,AgeGroup_Adult,AgeGroup_Senior
0,3,-0.5510595194824087,0.47587560314134286,-0.5007544611783037,-0.8462180002516918,True,Southampton,no,0.0330656452941511,1,0,1,0,1,1,0,0,1,0,0,1,0,0
1,1,0.6119446643175359,0.47587560314134286,-0.5007544611783037,1.9550924255913968,False,Cherbourg,yes,0.0330656452941511,0,0,0,0,0,0,1,0,1,0,0,0,1,0
1,3,-0.26030847353242254,-0.5345451980491797,-0.5007544611783037,-0.8166882940293968,False,Southampton,yes,-0.6240080752947493,0,0,1,0,1,0,1,1,0,0,0,1,0,0
1,1,0.3938813798550463,0.47587560314134286,-0.5007544611783037,1.1596146372182752,False,Southampton,yes,0.0330656452941511,0,0,1,0,0,0,1,0,1,0,0,1,0,0
0,3,0.3938813798550463,-0.5345451980491797,-0.5007544611783037,-0.811219829914157,True,Southampton,no,-0.6240080752947493,1,0,1,0,1,1,0,1,0,0,0,1,0,0
0,3,-0.11493295055742946,-0.5345451980491797,-0.5007544611783037,-0.7933576387281377,True,Queenstown,no,-0.6240080752947493,1,1,0,0,1,1,0,1,0,0,0,1,0,0
0,1,1.7749488481174804,-0.5345451980491797,-0.5007544611783037,1.1054768424774006,True,Southampton,no,-0.6240080752947493,1,0,1,0,0,1,0,1,0,0,0,0,1,0
0,3,-2.0048147492323394,2.496717205522388,0.6896894265922036,-0.24140586910616751,False,Southampton,no,2.0042868070608524,1,0,1,0,1,0,0,0,0,1,0,0,0,0
1,3,-0.18762071204492597,-0.5345451980491797,1.8801333143627108,-0.6763325066620054,False,Southampton,yes,0.6901393658830515,0,0,1,0,1,0,1,0,1,0,0,1,0,0
1,2,-1.1325616113823809,0.47587560314134286,-0.5007544611783037,0.15213980679682762,False,Cherbourg,yes,0.0330656452941511,0,0,0,1,0,0,0,0,1,0,1,0,0,0
1,3,-1.8594392262573463,0.47587560314134286,0.6896894265922036,-0.4328021131395613,False,Southampton,yes,0.6901393658830515,0,0,1,0,1,0,0,0,1,0,0,0,0,0
1,1,2.0656998940674667,-0.5345451980491797,-0.5007544611783037,-0.001887140858663212,False,Southampton,yes,-0.6240080752947493,0,0,1,0,0,0,1,1,0,0,0,0,1,0
0,3,-0.6964350424574017,-0.5345451980491797,-0.5007544611783037,-0.811219829914157,True,Southampton,no,-0.6240080752947493,1,0,1,0,1,1,0,1,0,0,0,1,0,0
0,3,0.6846324258050325,0.47587560314134286,5.451464977674232,0.204820802697402,True,Southampton,no,3.3184342482386535,1,0,1,0,1,1,0,0,0,1,0,0,1,0
0,3,-1.1325616113823809,-0.5345451980491797,-0.5007544611783037,-0.8197856321042687,False,Southampton,no,-0.6240080752947493,0,0,1,0,1,0,0,1,0,0,1,0,0,0
1,2,1.847636609604977,-0.5345451980491797,-0.5007544611783037,-0.46342551218490424,False,Southampton,yes,-0.6240080752947493,0,0,1,1,0,0,1,1,0,0,0,0,1,0
0,3,-2.0048147492323394,3.50713800671291,0.6896894265922036,0.1107632199152771,False,Queenstown,no,2.661360527649753,1,1,0,0,1,0,0,0,0,1,0,0,0,0
1,2,-0.11493295055742946,-0.5345451980491797,-0.5007544611783037,-0.59466865095066,True,Southampton,yes,-0.6240080752947493,1,0,1,1,0,1,0,1,0,0,0,1,0,0
0,3,0.10313033390506016,0.47587560314134286,-0.5007544611783037,-0.3759300863410671,False,Southampton,no,0.0330656452941511,0,0,1,0,1,0,1,0,1,0,0,1,0,0
1,3,-0.11493295055742946,-0.5345451980491797,-0.5007544611783037,-0.8473116930747399,False,Cherbourg,yes,-0.6240080752947493,0,0,0,0,1,0,1,1,0,0,0,1,0,0
0,2,0.3938813798550463,-0.5345451980491797,-0.5007544611783037,-0.025948382965718463,True,Southampton,no,-0.6240080752947493,1,0,1,1,0,1,0,1,0,0,0,1,0,0
1,2,0.3211936183675498,-0.5345451980491797,-0.5007544611783037,-0.59466865095066,True,Southampton,yes,-0.6240080752947493,1,0,1,1,0,1,0,1,0,0,0,1,0,0
1,3,-1.0598738498948845,-0.5345451980491797,-0.5007544611783037,-0.8121297823429329,False,Queenstown,yes,-0.6240080752947493,0,1,0,0,1,0,0,1,0,0,1,0,0,0
1,1,-0.11493295055742946,-0.5345451980491797,-0.5007544611783037,0.38965488979250806,True,Southampton,yes,-0.6240080752947493,1,0,1,0,0,1,0,1,0,0,0,1,0,0
0,3,-1.5686881803073602,2.496717205522388,0.6896894265922036,-0.24140586910616751,False,Southampton,no,2.0042868070608524,0,0,1,0,1,0,0,0,0,1,0,0,0,0
1,3,0.6119446643175359,0.47587560314134286,5.451464977674232,0.20974242040111785,False,Southampton,yes,3.3184342482386535,0,0,1,0,1,0,1,0,0,1,0,0,1,0
0,3,-0.11493295055742946,-0.5345451980491797,-0.5007544611783037,-0.8473116930747399,True,Cherbourg,no,-0.6240080752947493,1,0,0,0,1,1,0,1,0,0,0,1,0,0
0,1,-0.7691228039448983,2.496717205522388,1.8801333143627108,2.0485572268634304,True,Southampton,no,2.661360527649753,1,0,1,0,0,1,0,0,0,1,0,1,0,0
1,3,-0.11493295055742946,-0.5345451980491797,-0.5007544611783037,-0.8186919392812206,False,Queenstown,yes,-0.6240080752947493,0,1,0,0,1,0,1,1,0,0,0,1,0,0
0,3,-0.11493295055742946,-0.5345451980491797,-0.5007544611783037,-0.8179657272467168,True,Southampton,no,-0.6240080752947493,1,0,1,0,1,1,0,1,0,0,0,1,0,0
0,1,0.757320187292529,-0.5345451980491797,-0.5007544611783037,0.049332681430319054,True,Cherbourg,no,-0.6240080752947493,1,0,0,0,0,1,0,1,0,0,0,0,1,0
1,1,-0.11493295055742946,0.47587560314134286,-0.5007544611783037,2.0485572268634304,False,Cherbourg,yes,0.0330656452941511,0,0,0,0,0,0,1,0,1,0,0,1,0,0
1,3,-0.11493295055742946,-0.5345451980491797,-0.5007544611783037,-0.8243441437907325,False,Queenstown,yes,-0.6240080752947493,0,1,0,0,1,0,1,1,0,0,0,1,0,0
0,2,2.647201985967439,-0.5345451980491797,-0.5007544611783037,-0.7040379332554565,True,Southampton,no,-0.6240080752947493,1,0,1,1,0,1,0,1,0,0,0,0,0,1
0,1,-0.11493295055742946,0.47587560314134286,-0.5007544611783037,2.0485572268634304,True,Cherbourg,no,0.0330656452941511,1,0,0,0,0,1,0,0,1,0,0,1,0,0
0,1,0.902695710267522,0.47587560314134286,-0.5007544611783037,1.1114921530041646,True,Southampton,no,0.0330656452941511,1,0,1,0,0,1,0,0,1,0,0,0,1,0
1,3,-0.11493295055742946,-0.5345451980491797,-0.5007544611783037,-0.8471279526804678,True,Cherbourg,yes,-0.6240080752947493,1,0,0,0,1,1,0,1,0,0,0,1,0,0
0,3,-0.6237472809699052,-0.5345451980491797,-0.5007544611783037,-0.811219829914157,True,Southampton,no,-0.6240080752947493,1,0,1,0,1,1,0,1,0,0,0,1,0,0
0,3,-0.8418105654323949,1.4862964043318654,-0.5007544611783037,-0.3759300863410671,False,Southampton,no,0.6901393658830515,0,0,1,0,1,0,1,0,1,0,1,0,0,0
1,3,-1.1325616113823809,0.47587560314134286,-0.5007544611783037,-0.6715902545812694,False,Cherbourg,yes,0.0330656452941511,0,0,0,0,1,0,0,0,1,0,1,0,0,0
0,3,0.757320187292529,0.47587560314134286,-0.5007544611783037,-0.7488793390004231,False,Southampton,no,0.0330656452941511,0,0,1,0,1,0,1,0,1,0,0,0,1,0
0,2,-0.18762071204492597,0.47587560314134286,-0.5007544611783037,-0.24468694757531137,False,Southampton,no,0.0330656452941511,0,0,1,1,0,0,1,0,1,0,0,1,0,0
0,3,-0.11493295055742946,-0.5345451980491797,-0.5007544611783037,-0.8179657272467168,True,Cherbourg,no,-0.6240080752947493,1,0,0,0,1,1,0,1,0,0,0,1,0,0
1,2,-1.9321269877448428,0.47587560314134286,1.8801333143627108,0.6556059861874355,False,Cherbourg,yes,1.3472130864719518,0,0,0,1,0,0,0,0,1,0,0,0,0,0
1,3,-0.7691228039448983,-0.5345451980491797,-0.5007544611783037,-0.8186919392812206,False,Queenstown,yes,-0.6240080752947493,0,1,0,0,1,0,1,1,0,0,0,1,0,0
0,3,-0.11493295055742946,-0.5345451980491797,-0.5007544611783037,-0.811219829914157,True,Southampton,no,-0.6240080752947493,1,0,1,0,1,1,0,1,0,0,0,1,0,0
0,3,-0.11493295055742946,0.47587560314134286,-0.5007544611783037,-0.48529936864586354,True,Queenstown,no,0.0330656452941511,1,1,0,0,1,1,0,0,1,0,0,1,0,0
0,3,-0.11493295055742946,1.4862964043318654,-0.5007544611783037,-0.2149735009587442,True,Cherbourg,no,0.6901393658830515,1,0,0,0,1,1,0,0,1,0,0,1,0,0
0,3,-0.8418105654323949,0.47587560314134286,-0.5007544611783037,-0.38467962892545077,False,Southampton,no,0.0330656452941511,0,0,1,0,1,0,1,0,1,0,1,0,0,0
0,3,-1.6413759417948568,3.50713800671291,0.6896894265922036,0.5728484376530422,False,Southampton,no,2.661360527649753,1,0,1,0,1,0,0,0,0,1,0,0,0,0
0,3,-0.6237472809699052,-0.5345451980491797,-0.5007544611783037,-0.8221567581446366,True,Southampton,no,-0.6240080752947493,1,0,1,0,1,1,0,1,0,0,0,1,0,0
1,1,1.4115100406799979,0.47587560314134286,-0.5007544611783037,2.0485572268634304,False,Cherbourg,yes,0.0330656452941511,0,0,0,0,0,0,1,0,1,0,0,0,1,0
1,2,-0.042245189069932916,0.47587560314134286,-0.5007544611783037,-0.025948382965718463,False,Southampton,yes,0.0330656452941511,0,0,1,1,0,0,1,0,1,0,0,1,0,0
0,1,2.574514224479943,-0.5345451980491797,0.6896894265922036,1.5480593297945746,True,Cherbourg,no,0.0330656452941511,1,0,0,0,0,1,0,0,1,0,0,0,0,1
1,2,-0.6237472809699052,-0.5345451980491797,-0.5007544611783037,-0.7040379332554565,False,Southampton,yes,-0.6240080752947493,0,0,1,1,0,0,1,1,0,0,0,1,0,0
0,3,-0.07858906981368119,-0.5345451980491797,-0.5007544611783037,-0.8471279526804678,True,Cherbourg,no,-0.6240080752947493,1,0,0,0,1,1,0,1,0,0,0,1,0,0
1,2,-1.7867514647698497,0.47587560314134286,1.8801333143627108,0.05061011464763905,False,Southampton,yes,1.3472130864719518,0,0,1,1,0,0,0,0,1,0,0,0,0,0
0,3,-1.3506248958448706,4.517558807903433,1.8801333143627108,0.8883788171023798,False,Southampton,no,3.9755079688275536,1,0,1,0,1,0,0,0,0,1,0,0,0,0
0,3,-0.5510595194824087,-0.5345451980491797,-0.5007544611783037,-0.8471279526804678,True,Cherbourg,no,-0.6240080752947493,1,0,0,0,1,1,0,1,0,0,0,1,0,0
1,1,0.6119446643175359,-0.5345451980491797,-0.5007544611783037,2.0485572268634304,False,,yes,-0.6240080752947493,0,0,1,0,0,0,1,1,0,0,0,0,1,0
0,1,1.1207589947300116,0.47587560314134286,-0.5007544611783037,2.0485572268634304,True,Southampton,no,0.0330656452941511,1,0,1,0,0,1,0,0,1,0,0,0,1,0
0,3,-1.8594392262573463,2.496717205522388,1.8801333143627108,0.057172271585926776,False,Southampton,no,2.661360527649753,1,0,1,0,1,0,0,0,0,1,0,0,0,0
0,1,-0.11493295055742946,-0.5345451980491797,-0.5007544611783037,0.049332681430319054,True,Cherbourg,no,-0.6240080752947493,1,0,0,0,0,1,0,1,0,0,0,1,0,0
1,3,-0.11493295055742946,0.47587560314134286,0.6896894265922036,-0.4964200372706153,True,Cherbourg,yes,0.6901393658830515,1,0,0,0,1,1,0,0,1,0,0,1,0,0
1,2,-0.042245189069932916,-0.5345451980491797,-0.5007544611783037,-0.7040379332554565,False,Southampton,yes,-0.6240080752947493,0,0,1,1,0,0,1,1,0,0,0,1,0,0
0,3,-0.7691228039448983,-0.5345451980491797,-0.5007544611783037,-0.8064819526047132,True,Southampton,no,-0.6240080752947493,1,0,1,0,1,1,0,1,0,0,0,1,0,0
1,3,-0.9144983269198913,3.50713800671291,1.8801333143627108,-0.8166882940293968,False,Southampton,yes,3.3184342482386535,0,0,1,0,1,0,1,0,0,1,1,0,0,0
0,3,-0.26030847353242254,1.4862964043318654,-0.5007544611783037,-0.784424355749482,True,Southampton,no,0.6901393658830515,1,0,1,0,1,1,0,0,1,0,0,1,0,0
0,2,0.1758180953925567,-0.5345451980491797,-0.5007544611783037,-0.7040379332554565,True,Southampton,no,-0.6240080752947493,1,0,1,1,0,1,0,1,0,0,0,1,0,0
0,3,-0.9871860884073879,4.517558807903433,1.8801333143627108,0.8883788171023798,False,Southampton,no,3.9755079688275536,0,0,1,0,1,0,1,0,0,1,1,0,0,0
0,2,-0.6237472809699052,-0.5345451980491797,-0.5007544611783037,2.0485572268634304,True,Southampton,no,-0.6240080752947493,1,0,1,1,0,1,0,1,0,0,0,1,0,0
0,3,-0.26030847353242254,0.47587560314134286,-0.5007544611783037,-0.531050726819606,True,Cherbourg,no,0.0330656452941511,1,0,0,0,1,1,0,0,1,0,0,1,0,0
1,3,0.1758180953925567,-0.5345451980491797,-0.5007544611783037,1.3081731207585263,True,Southampton,yes,-0.6240080752947493,1,0,1,0,1,1,0,1,0,0,0,1,0,0
0,3,-0.33299623501991904,-0.5345451980491797,-0.5007544611783037,-0.8287189150829243,True,Southampton,no,-0.6240080752947493,1,0,1,0,1,1,0,1,0,0,0,1,0,0
1,2,-2.0898594301727105,-0.5345451980491797,1.8801333143627108,0.10529475580003728,False,Southampton,yes,0.6901393658830515,1,0,1,1,0,0,0,0,1,0,0,0,0,0
1,3,0.03044257241756362,-0.5345451980491797,-0.5007544611783037,-0.6176362002346673,False,Southampton,yes,-0.6240080752947493,0,0,1,0,1,0,1,1,0,0,0,1,0,0
0,3,-0.5510595194824087,-0.5345451980491797,-0.5007544611783037,-0.7696595026383344,True,Southampton,no,-0.6240080752947493,1,0,1,0,1,1,0,1,0,0,0,1,0,0
1,3,-0.042245189069932916,-0.5345451980491797,-0.5007544611783037,-0.7477856461773751,True,Southampton,yes,-0.6240080752947493,1,0,1,0,1,1,0,1,0,0,0,1,0,0
1,3,-0.11493295055742946,-0.5345451980491797,-0.5007544611783037,-0.8227036045561608,False,Queenstown,yes,-0.6240080752947493,0,1,0,0,1,0,1,1,0,0,0,1,0,0
0,1,-0.11493295055742946,-0.5345451980491797,-0.5007544611783037,0.8971283596867636,True,Southampton,no,-0.6240080752947493,1,0,1,0,0,1,0,1,0,0,0,1,0,0
1,2,-0.9144983269198913,-0.5345451980491797,-0.5007544611783037,-0.7040379332554565,False,Southampton,yes,-0.6240080752947493,0,0,1,1,0,0,1,1,0,0,1,0,0,0
1,3,0.24850585688005322,2.496717205522388,-0.5007544611783037,-0.46998766912319206,False,Southampton,yes,1.3472130864719518,0,0,1,0,1,0,1,0,1,0,0,1,0,0
0,3,-0.9871860884073879,0.47587560314134286,3.070577202133218,0.34043871275534965,True,Southampton,no,2.0042868070608524,1,0,1,0,1,1,0,0,0,1,1,0,0,0
1,1,-0.47837175799491216,2.496717205522388,1.8801333143627108,2.0485572268634304,False,Southampton,yes,2.661360527649753,0,0,1,0,0,0,1,0,0,1,0,1,0,0
0,3,-0.4056839965074156,-0.5345451980491797,-0.5007544611783037,-0.811219829914157,True,Southampton,no,-0.6240080752947493,1,0,1,0,1,1,0,1,0,0,0,1,0,0
0,3,-0.042245189069932916,-0.5345451980491797,-0.5007544611783037,-0.811219829914157,True,Southampton,no,-0.6240080752947493,1,0,1,0,1,1,0,1,0,0,0,1,0,0
0,3,-0.6964350424574017,-0.5345451980491797,-0.5007544611783037,-0.8197856321042687,True,Southampton,no,-0.6240080752947493,1,0,1,0,1,1,0,1,0,0,0,1,0,0
0,1,1.1934467562175082,0.47587560314134286,-0.5007544611783037,1.5128774190627674,True,Southampton,no,0.0330656452941511,1,0,1,0,0,1,0,0,1,0,0,0,1,0
0,3,-0.26030847353242254,0.47587560314134286,1.8801333143627108,-0.2632797255671268,True,Southampton,no,1.3472130864719518,1,0,1,0,1,1,0,0,1,0,0,1,0,0
0,3,2.138387655554963,-0.5345451980491797,-0.5007544611783037,-0.8462180002516918,True,Southampton,no,-0.6240080752947493,1,0,1,0,1,1,0,1,0,0,0,0,1,0
0,1,3.0106407934049217,-0.5345451980491797,-0.5007544611783037,0.35265307420314945,True,Cherbourg,no,-0.6240080752947493,1,0,0,0,0,1,0,1,0,0,0,0,0,1
1,1,-0.47837175799491216,-0.5345451980491797,0.6896894265922036,1.6083918006851923,True,Cherbourg,yes,0.0330656452941511,1,0,0,0,0,1,0,0,1,0,0,1,0,0
1,2,0.3211936183675498,-0.5345451980491797,0.6896894265922036,-0.15719152173147422,False,Southampton,yes,0.0330656452941511,0,0,1,1,0,0,1,0,1,0,0,1,0,0
0,2,0.3211936183675498,0.47587560314134286,-0.5007544611783037,-0.025948382965718463,True,Southampton,no,0.0330656452941511,1,0,1,1,0,1,0,0,1,0,0,1,0,0
0,3,-0.11493295055742946,-0.5345451980491797,-0.5007544611783037,-0.8179657272467168,False,Southampton,no,-0.6240080752947493,0,0,1,0,1,0,1,1,0,0,0,1,0,0
0,1,-0.6237472809699052,-0.5345451980491797,0.6896894265922036,2.0485572268634304,True,Southampton,no,0.0330656452941511,1,0,1,0,0,1,0,0,1,0,0,1,0,0
0,3,0.24850585688005322,-0.5345451980491797,-0.5007544611783037,-0.7847874617667338,True,Southampton,no,-0.6240080752947493,1,0,1,0,1,1,0,1,0,0,0,1,0,0
0,3,0.5392569028300394,1.4862964043318654,-0.5007544611783037,-0.8166882940293968,True,Southampton,no,0.6901393658830515,1,0,1,0,1,1,0,0,1,0,0,0,1,0
1,3,-0.6237472809699052,-0.5345451980491797,-0.5007544611783037,-0.8287189150829243,False,Southampton,yes,-0.6240080752947493,0,0,1,0,1,0,1,1,0,0,0,1,0,0
1,3,-0.11493295055742946,-0.5345451980491797,-0.5007544611783037,-0.8232504509676845,True,Southampton,yes,-0.6240080752947493,1,0,1,0,1,1,0,1,0,0,0,1,0,0
0,3,0.6119446643175359,-0.5345451980491797,-0.5007544611783037,-0.8179657272467168,True,Southampton,no,-0.6240080752947493,1,0,1,0,1,1,0,1,0,0,0,0,1,0
1,3,-0.11493295055742946,0.47587560314134286,-0.5007544611783037,-0.1068816518712679,False,Queenstown,yes,0.0330656452941511,0,1,0,0,1,0,1,0,1,0,0,1,0,0
0,1,1.2661345177050047,-0.5345451980491797,-0.5007544611783037,1.1114921530041646,True,Southampton,no,-0.6240080752947493,1,0,1,0,0,1,0,1,0,0,0,0,1,0
0,3,-1.0962177306386327,0.47587560314134286,-0.5007544611783037,-0.531050726819606,False,Cherbourg,no,0.0330656452941511,0,0,0,0,1,0,0,0,1,0,1,0,0,0
0,3,-0.5510595194824087,-0.5345451980491797,-0.5007544611783037,-0.811219829914157,True,Southampton,no,-0.6240080752947493,1,0,1,0,1,1,0,1,0,0,0,1,0,0
0,3,-0.6964350424574017,0.47587560314134286,-0.5007544611783037,-0.7335676394777515,False,Southampton,no,0.0330656452941511,0,0,1,0,1,0,1,0,1,0,0,1,0,0
0,3,-0.9144983269198913,-0.5345451980491797,-0.5007544611783037,-0.5308713611966261,False,Cherbourg,no,-0.6240080752947493,0,0,0,0,1,0,1,1,0,0,1,0,0,0
0,3,-0.6237472809699052,-0.5345451980491797,-0.5007544611783037,-0.8166882940293968,True,Southampton,no,-0.6240080752947493,1,0,1,0,1,1,0,1,0,0,0,1,0,0
0,3,2.9742969126611736,-0.5345451980491797,-0.5007544611783037,-0.8243441437907325,True,Queenstown,no,-0.6240080752947493,1,1,0,0,1,1,0,1,0,0,0,0,0,1
0,2,-0.042245189069932916,0.47587560314134286,-0.5007544611783037,-0.24468694757531137,True,Southampton,no,0.0330656452941511,1,0,1,1,0,1,0,0,1,0,0,1,0,0
0,1,-0.4056839965074156,-0.5345451980491797,0.6896894265922036,2.0485572268634304,True,Cherbourg,no,0.0330656452941511,1,0,0,0,0,1,0,0,1,0,0,1,0,0
0,3,-2.0048147492323394,3.50713800671291,1.8801333143627108,0.204820802697402,False,Southampton,no,3.3184342482386535,0,0,1,0,1,0,0,0,0,1,0,0,0,0
0,2,-0.6237472809699052,1.4862964043318654,-0.5007544611783037,2.0485572268634304,True,Southampton,no,0.6901393658830515,1,0,1,1,0,1,0,0,1,0,0,1,0,0
0,2,0.21216197613630497,0.47587560314134286,-0.5007544611783037,0.15213980679682762,True,Cherbourg,no,0.0330656452941511,1,0,0,1,0,1,0,0,1,0,0,1,0,0
1,2,0.21216197613630497,-0.5345451980491797,-0.5007544611783037,-0.59466865095066,False,Southampton,yes,-0.6240080752947493,0,0,1,1,0,0,1,1,0,0,0,1,0,0
0,1,1.7749488481174804,-0.5345451980491797,0.6896894265922036,2.0485572268634304,True,Southampton,no,0.0330656452941511,1,0,1,0,0,1,0,0,1,0,0,0,1,0
1,3,-1.277937134357374,0.47587560314134286,-0.5007544611783037,-0.6715902545812694,False,Cherbourg,yes,0.0330656452941511,1,0,0,0,1,0,0,0,1,0,0,0,0,0
0,3,-0.11493295055742946,-0.5345451980491797,-0.5007544611783037,-0.8243441437907325,True,Queenstown,no,-0.6240080752947493,1,1,0,0,1,1,0,1,0,0,0,1,0,0
1,3,-0.4056839965074156,-0.5345451980491797,-0.5007544611783037,-0.8509558775611357,True,Southampton,yes,-0.6240080752947493,1,0,1,0,1,1,0,1,0,0,0,1,0,0
1,3,-0.11493295055742946,0.47587560314134286,0.6896894265922036,-0.18526442911346935,False,Cherbourg,yes,0.6901393658830515,0,0,0,0,1,0,1,0,1,0,0,1,0,0
0,3,1.1207589947300116,-0.5345451980491797,-0.5007544611783037,-0.8582486213052195,True,Southampton,no,-0.6240080752947493,1,0,1,0,1,1,0,1,0,0,0,0,1,0
0,3,0.24850585688005322,-0.5345451980491797,-0.5007544611783037,-0.8179657272467168,True,Cherbourg,no,-0.6240080752947493,1,0,0,0,1,1,0,1,0,0,0,1,0,0
0,3,-0.6964350424574017,-0.5345451980491797,-0.5007544611783037,-0.8549675428360756,True,Southampton,no,-0.6240080752947493,1,0,1,0,1,1,0,1,0,0,0,1,0,0
0,3,1.2661345177050047,0.47587560314134286,-0.5007544611783037,-0.5290470815677821,False,Southampton,no,0.0330656452941511,0,0,1,0,1,0,1,0,1,0,0,0,1,0
0,2,-0.33299623501991904,-0.5345451980491797,-0.5007544611783037,-0.59466865095066,True,Southampton,no,-0.6240080752947493,1,0,1,1,0,1,0,1,0,0,0,1,0,0
0,2,-0.47837175799491216,-0.5345451980491797,-0.5007544611783037,-0.505169579854999,True,Cherbourg,no,-0.6240080752947493,1,0,0,1,0,1,0,1,0,0,0,1,0,0
1,1,-0.7691228039448983,-0.5345451980491797,1.8801333143627108,-0.013554655894938905,False,Southampton,yes,0.6901393658830515,0,0,1,0,0,0,1,0,1,0,0,1,0,0
0,1,0.5392569028300394,0.47587560314134286,-0.5007544611783037,1.1596146372182752,True,Southampton,no,0.0330656452941511,1,0,1,0,0,1,0,0,1,0,0,0,1,0
0,3,-0.9871860884073879,-0.5345451980491797,-0.5007544611783037,-0.7601793732481547,True,Southampton,no,-0.6240080752947493,1,0,1,0,1,1,0,1,0,0,1,0,0,0
0,1,-0.4056839965074156,-0.5345451980491797,-0.5007544611783037,2.0485572268634304,True,Cherbourg,no,-0.6240080752947493,1,0,0,0,0,1,0,1,0,0,0,1,0,0
0,3,-0.11493295055742946,-0.5345451980491797,1.8801333143627108,-0.4964200372706153,False,Cherbourg,no,0.6901393658830515,0,0,0,0,1,0,1,0,1,0,0,1,0,0
1,3,-0.5510595194824087,-0.5345451980491797,-0.5007544611783037,-0.8243441437907325,False,Southampton,yes,-0.6240080752947493,0,0,1,0,1,0,1,1,0,0,0,1,0,0
1,3,-0.4056839965074156,0.47587560314134286,-0.5007544611783037,-0.46998766912319206,False,Southampton,yes,0.0330656452941511,0,0,1,0,1,0,1,0,1,0,0,1,0,0
0,3,-0.7691228039448983,-0.5345451980491797,-0.5007544611783037,-0.8680918567126511,True,Queenstown,no,-0.6240080752947493,1,1,0,0,1,1,0,1,0,0,0,1,0,0
0,2,-0.8418105654323949,-0.5345451980491797,-0.5007544611783037,-0.6602902203335379,True,Southampton,no,-0.6240080752947493,1,0,1,1,0,1,0,1,0,0,1,0,0,0
0,2,-0.7691228039448983,0.47587560314134286,0.6896894265922036,0.4443395309449063,True,Southampton,no,0.6901393658830515,1,0,1,1,0,1,0,0,1,0,0,1,0,0
1,3,-0.18762071204492597,-0.5345451980491797,-0.5007544611783037,-0.8223404985389087,True,Southampton,yes,-0.6240080752947493,1,0,1,0,1,1,0,1,0,0,0,1,0,0
0,3,-1.4960004188198637,1.4862964043318654,1.8801333143627108,0.34043871275534965,False,Southampton,no,2.0042868070608524,0,0,1,0,1,0,0,0,0,1,0,0,0,0
0,2,0.5029130220862911,-0.5345451980491797,1.8801333143627108,-0.025948382965718463,True,Southampton,no,0.6901393658830515,1,0,1,1,0,1,0,0,1,0,0,0,1,0
0,2,0.902695710267522,-0.5345451980491797,-0.5007544611783037,-0.59466865095066,True,Southampton,no,-0.6240080752947493,1,0,1,1,0,1,0,1,0,0,0,0,1,0
0,2,1.556885563654991,-0.5345451980491797,-0.5007544611783037,-0.6154488145885714,True,Southampton,no,-0.6240080752947493,1,0,1,1,0,1,0,1,0,0,0,0,1,0
1,1,-0.5510595194824087,0.47587560314134286,-0.5007544611783037,1.7502087616641755,False,Southampton,yes,0.0330656452941511,0,0,1,0,0,0,1,0,1,0,0,1,0,0
0,3,1.8839804903487254,-0.5345451980491797,-0.5007544611783037,-0.811219829914157,True,Southampton,no,-0.6240080752947493,1,0,1,0,1,1,0,1,0,0,0,0,1,0
0,3,0.7936640680362772,-0.5345451980491797,1.8801333143627108,-0.5290470815677821,True,Southampton,no,0.6901393658830515,1,0,1,0,1,1,0,0,1,0,0,0,1,0
0,3,-0.11493295055742946,-0.5345451980491797,-0.5007544611783037,-0.8434837681940719,True,Southampton,no,-0.6240080752947493,1,0,1,0,1,1,0,1,0,0,0,1,0,0
0,1,1.556885563654991,-0.5345451980491797,0.6896894265922036,1.521810702041423,True,Cherbourg,no,0.0330656452941511,1,0,0,0,0,1,0,0,1,0,0,0,1,0
1,3,-0.9871860884073879,-0.5345451980491797,-0.5007544611783037,-0.8250747305965286,False,Queenstown,yes,-0.6240080752947493,0,1,0,0,1,0,1,1,0,0,1,0,0,0
0,3,0.03044257241756362,-0.5345451980491797,-0.5007544611783037,-0.811219829914157,True,Southampton,no,-0.6240080752947493,1,0,1,0,1,1,0,1,0,0,0,1,0,0
0,3,-0.11493295055742946,-0.5345451980491797,-0.5007544611783037,-0.784424355749482,True,Southampton,no,-0.6240080752947493,1,0,1,0,1,1,0,1,0,0,0,1,0,0
0,3,-0.11493295055742946,7.548821211475,1.8801333143627108,1.8792645147838354,True,Southampton,no,5.946729130594255,1,0,1,0,1,1,0,0,0,1,0,1,0,0
0,3,1.048071233242515,-0.5345451980491797,0.6896894265922036,-0.45905074089271236,True,Southampton,no,0.0330656452941511,1,0,1,0,1,1,0,0,1,0,0,0,1,0
1,2,0.757320187292529,-0.5345451980491797,-0.5007544611783037,-0.4743624404153839,False,Southampton,yes,-0.6240080752947493,0,0,1,1,0,0,1,1,0,0,0,0,1,0
0,3,-0.26030847353242254,-0.5345451980491797,-0.5007544611783037,-0.8232504509676845,True,Southampton,no,-0.6240080752947493,1,0,1,0,1,1,0,1,0,0,0,1,0,0
0,3,-0.9144983269198913,-0.5345451980491797,-0.5007544611783037,-0.784424355749482,True,Southampton,no,-0.6240080752947493,1,0,1,0,1,1,0,1,0,0,1,0,0,0
0,3,-2.0775025107198357,3.50713800671291,0.6896894265922036,0.5728484376530422,False,Southampton,no,2.661360527649753,1,0,1,0,1,0,0,0,0,1,0,0,0,0
1,3,-1.4960004188198637,-0.5345451980491797,1.8801333143627108,-0.26546711121322275,False,Southampton,yes,0.6901393658830515,1,0,1,0,1,0,0,0,1,0,0,0,0,0
1,1,-0.11493295055742946,-0.5345451980491797,0.6896894265922036,1.2427352917699204,False,Southampton,yes,0.0330656452941511,0,0,1,0,0,0,1,0,1,0,0,1,0,0
0,3,1.1207589947300116,0.47587560314134286,4.261021089903725,0.057172271585926776,False,Southampton,no,2.661360527649753,0,0,1,0,1,0,1,0,0,1,0,0,1,0
0,1,-0.11493295055742946,-0.5345451980491797,-0.5007544611783037,-0.029229461434862325,True,Southampton,no,-0.6240080752947493,1,0,1,0,0,1,0,1,0,0,0,1,0,0
0,3,-0.11493295055742946,-0.5345451980491797,-0.5007544611783037,1.3081731207585263,True,Southampton,no,-0.6240080752947493,1,0,1,0,1,1,0,1,0,0,0,1,0,0
0,1,2.283763178529956,-0.5345451980491797,-0.5007544611783037,0.3021594639486709,True,Southampton,no,-0.6240080752947493,1,0,1,0,0,1,0,1,0,0,0,0,0,1
0,3,-1.8594392262573463,3.50713800671291,0.6896894265922036,0.1107632199152771,False,Queenstown,no,2.661360527649753,1,1,0,0,1,0,0,0,0,1,0,0,0,0
1,3,-2.0775025107198357,0.47587560314134286,0.6896894265922036,-0.6763325066620054,False,Southampton,yes,0.6901393658830515,0,0,1,0,1,0,0,0,1,0,0,0,0,0
0,1,1.9203243710924736,-0.5345451980491797,-0.5007544611783037,0.17948212737302674,True,Cherbourg,no,-0.6240080752947493,1,0,0,0,0,1,0,1,0,0,0,0,1,0
0,3,-0.8418105654323949,0.47587560314134286,0.6896894265922036,-0.8197856321042687,True,Southampton,no,0.6901393658830515,1,0,1,0,1,1,0,0,1,0,1,0,0,0
0,3,-0.11493295055742946,2.496717205522388,0.6896894265922036,-0.049279038266977666,True,Southampton,no,2.0042868070608524,1,0,1,0,1,1,0,0,0,1,0,1,0,0
0,1,1.4841978021674944,-0.5345451980491797,-0.5007544611783037,0.09271728833498563,False,Cherbourg,no,-0.6240080752947493,0,0,0,0,0,0,1,1,0,0,0,0,1,0
0,2,0.03044257241756362,-0.5345451980491797,-0.5007544611783037,-0.59466865095066,True,Southampton,no,-0.6240080752947493,1,0,1,1,0,1,0,1,0,0,0,1,0,0
0,3,0.46656914134254285,-0.5345451980491797,-0.5007544611783037,-1.1633889189356015,True,Southampton,no,-0.6240080752947493,1,0,1,0,1,1,0,1,0,0,0,0,1,0
0,3,-0.11493295055742946,7.548821211475,1.8801333143627108,1.8792645147838354,False,Southampton,no,5.946729130594255,0,0,1,0,1,0,1,0,0,1,0,1,0,0
0,2,-0.11493295055742946,-0.5345451980491797,-0.5007544611783037,-0.5049858394607268,True,Cherbourg,no,-0.6240080752947493,1,0,0,1,0,1,0,1,0,0,0,1,0,0
0,3,-1.4960004188198637,3.50713800671291,1.8801333143627108,0.20974242040111785,False,Southampton,no,3.3184342482386535,1,0,1,0,1,0,0,0,0,1,0,0,0,0
1,2,-2.0775025107198357,1.4862964043318654,0.6896894265922036,0.5427718850192231,False,Southampton,yes,1.3472130864719518,1,0,1,1,0,0,0,0,1,0,0,0,0,0
1,3,-1.8594392262573463,-0.5345451980491797,1.8801333143627108,-0.1998455418303449,False,Southampton,yes,0.6901393658830515,0,0,1,0,1,0,0,0,1,0,0,0,0,0
0,1,-0.11493295055742946,-0.5345451980491797,-0.5007544611783037,1.0239967271603274,True,Southampton,no,-0.6240080752947493,1,0,1,0,0,1,0,1,0,0,0,1,0,0
1,3,-0.11493295055742946,0.47587560314134286,-0.5007544611783037,-0.48529936864586354,False,Queenstown,yes,0.0330656452941511,0,1,0,0,1,0,1,0,1,0,0,1,0,0
1,1,1.1207589947300116,-0.5345451980491797,-0.5007544611783037,-0.001887140858663212,True,Southampton,yes,-0.6240080752947493,1,0,1,0,0,1,0,1,0,0,0,0,1,0
0,3,0.757320187292529,0.47587560314134286,0.6896894265922036,-0.48529936864586354,True,Queenstown,no,0.6901393658830515,1,1,0,0,1,1,0,0,1,0,0,0,1,0
0,3,0.46656914134254285,-0.5345451980491797,-0.5007544611783037,-0.8179657272467168,True,Southampton,no,-0.6240080752947493,1,0,1,0,1,1,0,1,0,0,0,0,1,0
1,2,0.1758180953925567,-0.5345451980491797,-0.5007544611783037,-0.59466865095066,False,Southampton,yes,-0.6240080752947493,0,0,1,1,0,0,1,1,0,0,0,1,0,0
0,2,-0.7691228039448983,-0.5345451980491797,-0.5007544611783037,-0.59466865095066,True,Southampton,no,-0.6240080752947493,1,0,1,1,0,1,0,1,0,0,0,1,0,0
1,3,-0.7691228039448983,0.47587560314134286,-0.5007544611783037,-0.8197856321042687,False,Southampton,yes,0.0330656452941511,0,0,1,0,1,0,1,0,1,0,0,1,0,0
1,2,-1.9321269877448428,0.47587560314134286,0.6896894265922036,-0.025948382965718463,False,Southampton,yes,0.6901393658830515,1,0,1,1,0,0,0,0,1,0,0,0,0,0
1,1,1.048071233242515,-0.5345451980491797,-0.5007544611783037,0.049332681430319054,False,Cherbourg,yes,-0.6240080752947493,0,0,0,0,0,0,1,1,0,0,0,0,1,0
1,1,2.0656998940674667,-0.5345451980491797,-0.5007544611783037,2.0485572268634304,False,Cherbourg,yes,-0.6240080752947493,0,0,0,0,0,0,1,1,0,0,0,0,1,0
0,3,0.902695710267522,-0.5345451980491797,0.6896894265922036,-0.7957243899972134,True,Southampton,no,0.0330656452941511,1,0,1,0,1,1,0,0,1,0,0,0,1,0
0,2,-0.4056839965074156,-0.5345451980491797,-0.5007544611783037,-0.59466865095066,False,Southampton,no,-0.6240080752947493,0,0,1,1,0,0,1,1,0,0,0,1,0,0
0,3,-0.11493295055742946,-0.5345451980491797,-0.5007544611783037,-0.7477856461773751,True,Southampton,no,-0.6240080752947493,1,0,1,0,1,1,0,1,0,0,0,1,0,0
0,3,0.3211936183675498,-0.5345451980491797,-0.5007544611783037,-0.8792125253374029,True,Southampton,no,-0.6240080752947493,1,0,1,0,1,1,0,1,0,0,0,1,0,0
0,3,1.15710287547376,-0.5345451980491797,-0.5007544611783037,-0.8473116930747399,True,Cherbourg,no,-0.6240080752947493,1,0,0,0,1,1,0,1,0,0,0,0,1,0
1,3,-0.8418105654323949,-0.5345451980491797,-0.5007544611783037,-0.811219829914157,True,Southampton,yes,-0.6240080752947493,1,0,1,0,1,1,0,1,0,0,1,0,0,0
0,3,-2.0048147492323394,-0.5345451980491797,0.6896894265922036,-0.7056784724900284,False,Southampton,no,0.0330656452941511,0,0,1,0,1,0,0,0,1,0,0,0,0,0
0,3,0.1758180953925567,0.47587560314134286,-0.5007544611783037,-0.46998766912319206,True,Southampton,no,0.0330656452941511,1,0,1,0,1,1,0,0,1,0,0,1,0,0
1,3,-0.26030847353242254,-0.5345451980491797,-0.5007544611783037,-0.34147876241505615,True,Cherbourg,yes,-0.6240080752947493,1,0,0,0,1,1,0,1,0,0,0,1,0,0
1,3,-0.9871860884073879,-0.5345451980491797,-0.5007544611783037,-0.8243441437907325,False,Queenstown,yes,-0.6240080752947493,0,1,0,0,1,0,1,1,0,0,1,0,0,0
1,1,0.757320187292529,-0.5345451980491797,-0.5007544611783037,0.19279018164387443,True,Cherbourg,yes,-0.6240080752947493,1,0,0,0,0,1,0,1,0,0,0,0,1,0
0,3,-0.4056839965074156,-0.5345451980491797,-0.5007544611783037,-0.8549675428360756,True,Southampton,no,-0.6240080752947493,1,0,1,0,1,1,0,1,0,0,0,1,0,0
1,2,0.3938813798550463,-0.5345451980491797,-0.5007544611783037,-0.24468694757531137,False,Southampton,yes,-0.6240080752947493,0,0,1,1,0,0,1,1,0,0,0,1,0,0
0,3,-0.5510595194824087,-0.5345451980491797,-0.5007544611783037,-0.8462180002516918,True,Southampton,no,-0.6240080752947493,1,0,1,0,1,1,0,1,0,0,0,1,0,0
0,3,-0.11493295055742946,0.47587560314134286,-0.5007544611783037,-0.8243441437907325,True,Queenstown,no,0.0330656452941511,1,1,0,0,1,1,0,0,1,0,0,1,0,0
1,1,0.10313033390506016,0.47587560314134286,-0.5007544611783037,2.0485572268634304,False,Cherbourg,yes,0.0330656452941511,0,0,0,0,0,0,1,0,1,0,0,1,0,0
1,3,-0.18762071204492597,-0.5345451980491797,-0.5007544611783037,-0.8166882940293968,False,Southampton,yes,-0.6240080752947493,0,0,1,0,1,0,1,1,0,0,0,1,0,0
0,2,0.902695710267522,0.47587560314134286,-0.5007544611783037,0.017799329956200118,True,Southampton,no,0.0330656452941511,1,0,1,1,0,1,0,0,1,0,0,0,1,0
1,1,0.1758180953925567,-0.5345451980491797,-0.5007544611783037,2.0485572268634304,False,Cherbourg,yes,-0.6240080752947493,0,0,0,0,0,0,1,1,0,0,0,1,0,0
0,2,0.03044257241756362,-0.5345451980491797,-0.5007544611783037,-0.7040379332554565,True,Southampton,no,-0.6240080752947493,1,0,1,1,0,1,0,1,0,0,0,1,0,0
1,3,-0.9871860884073879,-0.5345451980491797,-0.5007544611783037,-0.811219829914157,True,Southampton,yes,-0.6240080752947493,1,0,1,0,1,1,0,1,0,0,1,0,0,0
0,2,-0.18762071204492597,-0.5345451980491797,-0.5007544611783037,-0.59466865095066,True,Southampton,no,-0.6240080752947493,1,0,1,1,0,1,0,1,0,0,0,1,0,0
0,3,1.556885563654991,-0.5345451980491797,-0.5007544611783037,-0.811219829914157,True,Southampton,no,-0.6240080752947493,1,0,1,0,1,1,0,1,0,0,0,0,1,0
1,1,0.6119446643175359,0.47587560314134286,-0.5007544611783037,2.0485572268634304,True,Southampton,yes,0.0330656452941511,1,0,1,0,0,1,0,0,1,0,0,0,1,0
0,3,-0.5510595194824087,-0.5345451980491797,-0.5007544611783037,-0.754347803115663,True,Southampton,no,-0.6240080752947493,1,0,1,0,1,1,0,1,0,0,0,1,0,0
1,2,-0.7691228039448983,-0.5345451980491797,-0.5007544611783037,-0.7040379332554565,True,Southampton,yes,-0.6240080752947493,1,0,1,1,0,1,0,1,0,0,0,1,0,0
0,3,-0.6600911617136535,-0.5345451980491797,-0.5007544611783037,-0.8462180002516918,True,Southampton,no,-0.6240080752947493,1,0,1,0,1,1,0,1,0,0,0,1,0,0
0,2,-0.8418105654323949,-0.5345451980491797,-0.5007544611783037,-0.59466865095066,True,Southampton,no,-0.6240080752947493,1,0,1,1,0,1,0,1,0,0,1,0,0,0
0,3,-0.11493295055742946,2.496717205522388,0.6896894265922036,-0.049279038266977666,False,Southampton,no,2.0042868070608524,0,0,1,0,1,0,1,0,0,1,0,1,0,0
1,1,0.3938813798550463,0.47587560314134286,-0.5007544611783037,2.0485572268634304,False,Southampton,yes,0.0330656452941511,0,0,1,0,0,0,1,0,1,0,0,1,0,0
0,3,-0.042245189069932916,-0.5345451980491797,-0.5007544611783037,-0.8232504509676845,True,Southampton,no,-0.6240080752947493,1,0,1,0,1,1,0,1,0,0,0,1,0,0
0,2,2.138387655554963,-0.5345451980491797,-0.5007544611783037,-0.5727947944897007,True,Southampton,no,-0.6240080752947493,1,0,1,1,0,1,0,1,0,0,0,0,1,0
1,3,-1.7867514647698497,3.50713800671291,1.8801333143627108,0.20974242040111785,False,Southampton,yes,3.3184342482386535,0,0,1,0,1,0,0,0,0,1,0,0,0,0
0,2,-0.4056839965074156,-0.5345451980491797,-0.5007544611783037,-0.7040379332554565,True,Southampton,no,-0.6240080752947493,1,0,1,1,0,1,0,1,0,0,0,1,0,0
0,3,-0.11493295055742946,-0.5345451980491797,-0.5007544611783037,-0.8330936863751163,False,Southampton,no,-0.6240080752947493,0,0,1,0,1,0,1,1,0,0,0,1,0,0
0,2,1.048071233242515,0.47587560314134286,-0.5007544611783037,-0.025948382965718463,True,Southampton,no,0.0330656452941511,1,0,1,1,0,1,0,0,1,0,0,0,1,0
1,2,-1.5686881803073602,-0.5345451980491797,1.8801333143627108,-0.015011454735238816,False,Southampton,yes,0.6901393658830515,0,0,1,1,0,0,0,0,1,0,0,0,0,0
0,2,-0.7691228039448983,-0.5345451980491797,-0.5007544611783037,-0.7040379332554565,True,Southampton,no,-0.6240080752947493,1,0,1,1,0,1,0,1,0,0,0,1,0,0
0,2,0.24850585688005322,-0.5345451980491797,-0.5007544611783037,-0.626385742819051,True,Southampton,no,-0.6240080752947493,1,0,1,1,0,1,0,1,0,0,0,1,0,0
0,3,-0.11493295055742946,0.47587560314134286,-0.5007544611783037,-0.531050726819606,False,Cherbourg,no,0.0330656452941511,0,0,0,0,1,0,1,0,1,0,0,1,0,0
0,2,-0.042245189069932916,-0.5345451980491797,-0.5007544611783037,-0.7040379332554565,True,Southampton,no,-0.6240080752947493,1,0,1,1,0,1,0,1,0,0,0,1,0,0
0,3,-0.5510595194824087,-0.5345451980491797,-0.5007544611783037,-0.8516864643669316,True,Southampton,no,-0.6240080752947493,1,0,1,0,1,1,0,1,0,0,0,1,0,0
0,3,0.03044257241756362,-0.5345451980491797,-0.5007544611783037,-0.8473116930747399,True,Cherbourg,no,-0.6240080752947493,1,0,0,0,1,1,0,1,0,0,0,1,0,0
0,1,1.048071233242515,1.4862964043318654,-0.5007544611783037,2.0485572268634304,True,Queenstown,no,0.6901393658830515,1,1,0,0,0,1,0,0,1,0,0,0,1,0
0,3,-0.33299623501991904,-0.5345451980491797,-0.5007544611783037,-0.8232504509676845,False,Southampton,no,-0.6240080752947493,0,0,1,0,1,0,1,1,0,0,0,1,0,0
1,2,-0.4056839965074156,-0.5345451980491797,1.8801333143627108,-0.5290470815677821,False,Southampton,yes,0.6901393658830515,0,0,1,1,0,0,1,0,1,0,0,1,0,0
1,1,0.5392569028300394,0.47587560314134286,0.6896894265922036,1.135737135505492,True,Southampton,yes,0.6901393658830515,1,0,1,0,0,1,0,0,1,0,0,0,1,0
0,2,1.7749488481174804,0.47587560314134286,-0.5007544611783037,-0.025948382965718463,True,Southampton,no,0.0330656452941511,1,0,1,1,0,1,0,0,1,0,0,0,1,0
0,3,-0.11493295055742946,-0.5345451980491797,-0.5007544611783037,-0.8462180002516918,True,Southampton,no,-0.6240080752947493,1,0,1,0,1,1,0,1,0,0,0,1,0,0
0,3,-0.042245189069932916,0.47587560314134286,0.6896894265922036,-0.7056784724900284,False,Southampton,no,0.6901393658830515,0,0,1,0,1,0,1,0,1,0,0,1,0,0
0,1,2.356450940017453,-0.5345451980491797,-0.5007544611783037,-0.001887140858663212,True,Southampton,no,-0.6240080752947493,1,0,1,0,0,1,0,1,0,0,0,0,0,1
0,3,0.03044257241756362,0.47587560314134286,-0.5007544611783037,-0.45905074089271236,True,Southampton,no,0.0330656452941511,1,0,1,0,1,1,0,0,1,0,0,1,0,0
0,3,0.8300079487800255,-0.5345451980491797,1.8801333143627108,-0.2791382715013223,False,Southampton,no,0.6901393658830515,0,0,1,0,1,0,1,0,1,0,0,0,1,0
1,3,-0.042245189069932916,-0.5345451980491797,1.8801333143627108,-0.4964200372706153,False,Cherbourg,yes,0.6901393658830515,0,0,0,0,1,0,1,0,1,0,0,1,0,0
1,1,-0.11493295055742946,-0.5345451980491797,-0.5007544611783037,2.0485572268634304,False,Cherbourg,yes,-0.6240080752947493,0,0,0,0,0,0,1,1,0,0,0,1,0,0
1,1,0.03044257241756362,-0.5345451980491797,-0.5007544611783037,2.0485572268634304,False,Southampton,yes,-0.6240080752947493,0,0,1,0,0,0,1,1,0,0,0,1,0,0
1,1,0.3938813798550463,-0.5345451980491797,-0.5007544611783037,2.0485572268634304,False,Cherbourg,yes,-0.6240080752947493,0,0,0,0,0,0,1,1,0,0,0,1,0,0
1,2,1.4841978021674944,-0.5345451980491797,0.6896894265922036,-0.025948382965718463,False,Southampton,yes,0.0330656452941511,0,0,1,1,0,0,1,0,1,0,0,0,1,0
1,3,-1.9321269877448428,3.50713800671291,1.8801333143627108,0.20974242040111785,False,Southampton,yes,3.3184342482386535,1,0,1,0,1,0,0,0,0,1,0,0,0,0
0,1,1.6295733251424873,0.47587560314134286,0.6896894265922036,2.0485572268634304,True,Southampton,no,0.6901393658830515,1,0,1,0,0,1,0,0,1,0,0,0,1,0
0,1,0.757320187292529,-0.5345451980491797,-0.5007544611783037,-1.1633889189356015,True,Southampton,no,-0.6240080752947493,1,0,1,0,0,1,0,1,0,0,0,0,1,0
0,3,-0.11493295055742946,-0.5345451980491797,-0.5007544611783037,-0.8243441437907325,False,Queenstown,no,-0.6240080752947493,0,1,0,0,1,0,1,1,0,0,0,1,0,0
0,2,0.46656914134254285,-0.5345451980491797,-0.5007544611783037,-0.7040379332554565,True,Southampton,no,-0.6240080752947493,1,0,1,1,0,1,0,1,0,0,0,0,1,0
0,3,-0.9871860884073879,3.50713800671291,0.6896894265922036,0.5728484376530422,True,Southampton,no,2.661360527649753,1,0,1,0,1,1,0,0,0,1,1,0,0,0
1,3,-0.33299623501991904,0.47587560314134286,-0.5007544611783037,-0.8232504509676845,True,Southampton,yes,0.0330656452941511,1,0,1,0,1,1,0,0,1,0,0,1,0,0
1,1,2.0656998940674667,-0.5345451980491797,0.6896894265922036,2.0485572268634304,False,Southampton,yes,0.0330656452941511,0,0,1,0,0,0,1,0,1,0,0,0,1,0
1,1,0.3938813798550463,-0.5345451980491797,-0.5007544611783037,2.0485572268634304,False,Southampton,yes,-0.6240080752947493,0,0,1,0,0,0,1,1,0,0,0,1,0,0
0,1,-0.11493295055742946,-0.5345451980491797,-0.5007544611783037,0.19279018164387443,True,Southampton,no,-0.6240080752947493,1,0,1,0,0,1,0,1,0,0,0,1,0,0
1,3,-0.33299623501991904,-0.5345451980491797,-0.5007544611783037,-1.1633889189356015,True,Southampton,yes,-0.6240080752947493,1,0,1,0,1,1,0,1,0,0,0,1,0,0
1,2,0.8300079487800255,-0.5345451980491797,0.6896894265922036,-0.31030851695818923,False,Southampton,yes,0.0330656452941511,0,0,1,1,0,0,1,0,1,0,0,0,1,0
0,1,0.5392569028300394,-0.5345451980491797,0.6896894265922036,0.13591815484538025,True,Cherbourg,no,0.0330656452941511,1,0,0,0,0,1,0,0,1,0,0,0,1,0
1,1,2.4291387015049497,0.47587560314134286,-0.5007544611783037,2.0485572268634304,False,Southampton,yes,0.0330656452941511,0,0,1,0,0,0,1,0,1,0,0,0,0,1
0,3,1.1207589947300116,-0.5345451980491797,-0.5007544611783037,-0.8243441437907325,False,Southampton,no,-0.6240080752947493,0,0,1,0,1,0,1,1,0,0,0,0,1,0
0,2,-0.11493295055742946,-0.5345451980491797,-0.5007544611783037,-1.1633889189356015,True,Southampton,no,-0.6240080752947493,1,0,1,1,0,1,0,1,0,0,0,1,0,0
0,3,-1.6413759417948568,3.50713800671291,0.6896894265922036,0.1107632199152771,False,Queenstown,no,2.661360527649753,1,1,0,0,1,0,0,0,0,1,0,0,0,0
1,3,0.3938813798550463,0.47587560314134286,0.6896894265922036,-0.2774977322667503,False,Southampton,yes,0.6901393658830515,0,0,1,0,1,0,1,0,1,0,0,1,0,0
0,3,2.574514224479943,-0.5345451980491797,-0.5007544611783037,-0.8243441437907325,True,Queenstown,no,-0.6240080752947493,1,1,0,0,1,1,0,1,0,0,0,0,0,1
0,3,-0.11493295055742946,-0.5345451980491797,-0.5007544611783037,-0.8197856321042687,True,Southampton,no,-0.6240080752947493,1,0,1,0,1,1,0,1,0,0,0,1,0,0
0,3,-0.9871860884073879,-0.5345451980491797,-0.5007544611783037,-0.7477856461773751,True,Southampton,no,-0.6240080752947493,1,0,1,0,1,1,0,1,0,0,1,0,0,0
1,3,-0.7691228039448983,-0.5345451980491797,-0.5007544611783037,-0.811219829914157,True,Southampton,yes,-0.6240080752947493,1,0,1,0,1,1,0,1,0,0,0,1,0,0
0,1,-0.11493295055742946,-0.5345451980491797,-0.5007544611783037,-0.025948382965718463,True,Southampton,no,-0.6240080752947493,1,0,1,0,0,1,0,1,0,0,0,1,0,0
0,3,0.24850585688005322,-0.5345451980491797,-0.5007544611783037,-0.784424355749482,True,Cherbourg,no,-0.6240080752947493,1,0,0,0,1,1,0,1,0,0,0,1,0,0
1,3,0.03044257241756362,-0.5345451980491797,-0.5007544611783037,-0.7477856461773751,True,Southampton,yes,-0.6240080752947493,1,0,1,0,1,1,0,1,0,0,0,1,0,0
0,3,-0.5510595194824087,-0.5345451980491797,-0.5007544611783037,-0.8179657272467168,True,Southampton,no,-0.6240080752947493,1,0,1,0,1,1,0,1,0,0,0,1,0,0
1,2,0.902695710267522,-0.5345451980491797,-0.5007544611783037,-0.59466865095066,True,Southampton,yes,-0.6240080752947493,1,0,1,1,0,1,0,1,0,0,0,0,1,0
1,3,-0.5510595194824087,-0.5345451980491797,-0.5007544611783037,-0.8243441437907325,False,Queenstown,yes,-0.6240080752947493,0,1,0,0,1,0,1,1,0,0,0,1,0,0
1,1,-0.26030847353242254,-0.5345451980491797,-0.5007544611783037,2.0485572268634304,False,Southampton,yes,-0.6240080752947493,0,0,1,0,0,0,1,1,0,0,0,1,0,0
1,1,-0.7691228039448983,0.47587560314134286,-0.5007544611783037,2.0485572268634304,False,Cherbourg,yes,0.0330656452941511,0,0,0,0,0,0,1,0,1,0,0,1,0,0
0,2,0.46656914134254285,-0.5345451980491797,-0.5007544611783037,-0.6001371150658998,True,Cherbourg,no,-0.6240080752947493,1,0,0,1,0,1,0,1,0,0,0,0,1,0
0,3,-0.4056839965074156,-0.5345451980491797,-0.5007544611783037,-0.7762216595766223,False,Southampton,no,-0.6240080752947493,0,0,1,0,1,0,1,1,0,0,0,1,0,0
0,3,-0.4056839965074156,-0.5345451980491797,-0.5007544611783037,-0.8179657272467168,True,Southampton,no,-0.6240080752947493,1,0,1,0,1,1,0,1,0,0,0,1,0,0
0,3,-0.4420278772511639,-0.5345451980491797,-0.5007544611783037,-0.8471279526804678,True,Cherbourg,no,-0.6240080752947493,1,0,0,0,1,1,0,1,0,0,0,1,0,0
0,1,-2.0048147492323394,0.47587560314134286,1.8801333143627108,2.0485572268634304,False,Southampton,no,1.3472130864719518,0,0,1,0,0,0,0,0,1,0,0,0,0,0
1,1,-0.11493295055742946,-0.5345451980491797,-0.5007544611783037,0.17091632518291516,True,Southampton,yes,-0.6240080752947493,1,0,1,0,0,1,0,1,0,0,0,1,0,0
1,1,1.4841978021674944,-0.5345451980491797,0.6896894265922036,2.0485572268634304,False,Cherbourg,yes,0.0330656452941511,0,0,0,0,0,0,1,0,1,0,0,0,1,0
1,3,-0.11493295055742946,1.4862964043318654,-0.5007544611783037,-0.14625459350099457,True,Queenstown,yes,0.6901393658830515,1,1,0,0,1,1,0,0,1,0,0,1,0,0
0,3,-0.7691228039448983,-0.5345451980491797,-0.5007544611783037,-1.1633889189356015,True,Southampton,no,-0.6240080752947493,1,0,1,0,1,1,0,1,0,0,0,1,0,0
1,2,-0.11493295055742946,-0.5345451980491797,-0.5007544611783037,-0.6231046643499071,False,Queenstown,yes,-0.6240080752947493,0,1,0,1,0,0,1,1,0,0,0,1,0,0
1,1,-2.0833175316388357,0.47587560314134286,1.8801333143627108,2.0485572268634304,False,Southampton,yes,1.3472130864719518,1,0,1,0,0,0,0,0,1,0,0,0,0,0
1,1,-0.11493295055742946,-0.5345451980491797,-0.5007544611783037,2.0485572268634304,False,Cherbourg,yes,-0.6240080752947493,0,0,0,0,0,0,1,1,0,0,0,1,0,0
1,1,-0.9144983269198913,0.47587560314134286,-0.5007544611783037,2.0485572268634304,False,Cherbourg,yes,0.0330656452941511,0,0,0,0,0,0,1,0,1,0,1,0,0,0
0,2,0.03044257241756362,0.47587560314134286,-0.5007544611783037,-0.11344380880955562,True,Cherbourg,no,0.0330656452941511,1,0,0,1,0,1,0,0,1,0,0,1,0,0
1,1,0.03044257241756362,-0.5345451980491797,-0.5007544611783037,1.3271333795388858,False,Cherbourg,yes,-0.6240080752947493,0,0,0,0,0,0,1,1,0,0,0,1,0,0
1,1,-0.4056839965074156,-0.5345451980491797,-0.5007544611783037,2.0485572268634304,False,Cherbourg,yes,-0.6240080752947493,0,0,0,0,0,0,1,1,0,0,0,1,0,0
1,1,-0.8418105654323949,1.4862964043318654,1.8801333143627108,2.0485572268634304,False,Cherbourg,yes,2.0042868070608524,0,0,0,0,0,0,1,0,0,1,1,0,0,0
0,2,-0.26030847353242254,0.47587560314134286,0.6896894265922036,-0.025948382965718463,False,Southampton,no,0.6901393658830515,0,0,1,1,0,0,1,0,1,0,0,1,0,0
0,2,0.9753834717550186,0.47587560314134286,0.6896894265922036,-0.015011454735238816,True,Southampton,no,0.6901393658830515,1,0,1,1,0,1,0,0,1,0,0,0,1,0
1,3,-0.26030847353242254,-0.5345451980491797,-0.5007544611783037,-0.8197856321042687,False,Southampton,yes,-0.6240080752947493,0,0,1,0,1,0,1,1,0,0,0,1,0,0
1,2,-0.4056839965074156,0.47587560314134286,-0.5007544611783037,-0.025948382965718463,False,Southampton,yes,0.0330656452941511,0,0,1,1,0,0,1,0,1,0,0,1,0,0
0,2,1.7749488481174804,-0.5345451980491797,-0.5007544611783037,-0.5509209380287414,True,Southampton,no,-0.6240080752947493,1,0,1,1,0,1,0,1,0,0,0,0,1,0
1,1,0.10313033390506016,-0.5345451980491797,1.8801333143627108,2.0485572268634304,False,Southampton,yes,0.6901393658830515,0,0,1,0,0,0,1,0,1,0,0,1,0,0
1,1,0.757320187292529,0.47587560314134286,0.6896894265922036,2.0485572268634304,False,Cherbourg,yes,0.6901393658830515,0,0,0,0,0,0,1,0,1,0,0,0,1,0
0,3,-0.18762071204492597,-0.5345451980491797,-0.5007544611783037,-0.8179657272467168,True,Southampton,no,-0.6240080752947493,1,0,1,0,1,1,0,1,0,0,0,1,0,0
1,2,0.03044257241756362,-0.5345451980491797,-0.5007544611783037,-0.6231046643499071,False,Queenstown,yes,-0.6240080752947493,0,1,0,1,0,0,1,1,0,0,0,1,0,0
1,2,-0.5510595194824087,0.47587560314134286,0.6896894265922036,0.10529475580003728,False,Southampton,yes,0.6901393658830515,0,0,1,1,0,0,1,0,1,0,0,1,0,0
1,1,0.46656914134254285,-0.5345451980491797,-0.5007544611783037,2.0485572268634304,False,Cherbourg,yes,-0.6240080752947493,0,0,0,0,0,0,1,1,0,0,0,0,1,0
0,3,2.283763178529956,-0.5345451980491797,-0.5007544611783037,-0.8905125595851344,True,Southampton,no,-0.6240080752947493,1,0,1,0,1,1,0,1,0,0,0,0,0,1
1,2,0.46656914134254285,-0.5345451980491797,-0.5007544611783037,-0.59466865095066,False,Southampton,yes,-0.6240080752947493,0,0,1,1,0,0,1,1,0,0,0,0,1,0
1,3,0.10313033390506016,0.47587560314134286,0.6896894265922036,-0.26546711121322275,False,Southampton,yes,0.6901393658830515,0,0,1,0,1,0,1,0,1,0,0,1,0,0
1,1,-0.9871860884073879,-0.5345451980491797,0.6896894265922036,1.3730684781069002,False,Cherbourg,yes,0.0330656452941511,0,0,0,0,0,0,1,0,1,0,1,0,0,0
1,3,-0.11493295055742946,1.4862964043318654,-0.5007544611783037,-0.14625459350099457,False,Queenstown,yes,0.6901393658830515,0,1,0,0,1,0,1,0,1,0,0,1,0,0
0,1,1.15710287547376,-0.5345451980491797,-0.5007544611783037,0.083420899339078,True,Southampton,no,-0.6240080752947493,1,0,1,0,0,1,0,1,0,0,0,0,1,0
0,1,0.6119446643175359,-0.5345451980491797,0.6896894265922036,2.0485572268634304,True,Southampton,no,0.0330656452941511,1,0,1,0,0,1,0,0,1,0,0,0,1,0
0,3,-0.9871860884073879,1.4862964043318654,-0.5007544611783037,-0.3759300863410671,True,Southampton,no,0.6901393658830515,1,0,1,0,1,1,0,0,1,0,1,0,0,0
1,1,-0.11493295055742946,0.47587560314134286,-0.5007544611783037,2.0485572268634304,False,Southampton,yes,0.0330656452941511,0,0,1,0,0,0,1,0,1,0,0,1,0,0
0,1,-0.042245189069932916,0.47587560314134286,-0.5007544611783037,1.7502087616641755,True,Southampton,no,0.0330656452941511,1,0,1,0,0,1,0,0,1,0,0,1,0,0
1,1,0.8300079487800255,-0.5345451980491797,-0.5007544611783037,2.0485572268634304,False,Cherbourg,yes,-0.6240080752947493,0,0,0,0,0,0,1,1,0,0,0,0,1,0
1,3,1.1207589947300116,-0.5345451980491797,-0.5007544611783037,-0.811219829914157,True,Southampton,yes,-0.6240080752947493,1,0,1,0,1,1,0,1,0,0,0,0,1,0
0,1,1.1207589947300116,-0.5345451980491797,-0.5007544611783037,0.38965488979250806,True,Southampton,no,-0.6240080752947493,1,0,1,0,0,1,0,1,0,0,0,0,1,0
1,2,-2.0048147492323394,0.47587560314134286,0.6896894265922036,-0.025948382965718463,False,Southampton,yes,0.6901393658830515,1,0,1,1,0,0,0,0,1,0,0,0,0,0
1,1,-0.4056839965074156,2.496717205522388,1.8801333143627108,2.0485572268634304,False,Southampton,yes,2.661360527649753,0,0,1,0,0,0,1,0,0,1,0,1,0,0
0,2,-0.11493295055742946,-0.5345451980491797,-0.5007544611783037,-0.59466865095066,True,Southampton,no,-0.6240080752947493,1,0,1,1,0,1,0,1,0,0,0,1,0,0
0,2,0.46656914134254285,-0.5345451980491797,-0.5007544611783037,-0.59466865095066,True,Southampton,no,-0.6240080752947493,1,0,1,1,0,1,0,1,0,0,0,0,1,0
1,2,-0.4056839965074156,-0.5345451980491797,-0.5007544611783037,-0.59466865095066,False,Southampton,yes,-0.6240080752947493,0,0,1,1,0,0,1,1,0,0,0,1,0,0
1,2,0.757320187292529,-0.5345451980491797,-0.5007544611783037,-0.59466865095066,False,Southampton,yes,-0.6240080752947493,0,0,1,1,0,0,1,1,0,0,0,0,1,0
1,3,-0.11493295055742946,0.47587560314134286,-0.5007544611783037,-0.45905074089271236,False,Southampton,yes,0.0330656452941511,0,0,1,0,1,0,1,0,1,0,0,1,0,0
1,3,-1.9321269877448428,0.47587560314134286,0.6896894265922036,-0.4678002834770961,False,Southampton,yes,0.6901393658830515,1,0,1,0,1,0,0,0,1,0,0,0,0,0
0,3,0.902695710267522,-0.5345451980491797,-0.5007544611783037,-0.784424355749482,True,Southampton,no,-0.6240080752947493,1,0,1,0,1,1,0,1,0,0,0,0,1,0
0,3,-0.47837175799491216,-0.5345451980491797,-0.5007544611783037,-0.7598162672309028,True,Southampton,no,-0.6240080752947493,1,0,1,0,1,1,0,1,0,0,0,1,0,0
0,1,-0.11493295055742946,-0.5345451980491797,-0.5007544611783037,0.36778103333154877,True,Southampton,no,-0.6240080752947493,1,0,1,0,0,1,0,1,0,0,0,1,0,0
0,3,-1.0598738498948845,0.47587560314134286,0.6896894265922036,-0.8471279526804678,False,Cherbourg,no,0.6901393658830515,1,0,0,0,1,0,0,0,1,0,1,0,0,0
0,3,-0.33299623501991904,0.47587560314134286,-0.5007544611783037,-0.38467962892545077,True,Southampton,no,0.0330656452941511,1,0,1,0,1,1,0,0,1,0,0,1,0,0
1,1,-0.5510595194824087,-0.5345451980491797,0.6896894265922036,1.2427352917699204,False,Southampton,yes,0.0330656452941511,0,0,1,0,0,0,1,0,1,0,0,1,0,0
0,2,0.6119446643175359,-0.5345451980491797,-0.5007544611783037,-0.59466865095066,False,Southampton,no,-0.6240080752947493,0,0,1,1,0,0,1,1,0,0,0,0,1,0
0,3,0.757320187292529,0.47587560314134286,4.261021089903725,0.057172271585926776,True,Southampton,no,2.661360527649753,1,0,1,0,1,1,0,0,0,1,0,0,1,0
0,2,-0.042245189069932916,0.47587560314134286,-0.5007544611783037,0.049332681430319054,True,Cherbourg,no,0.0330656452941511,1,0,0,1,0,1,0,0,1,0,0,1,0,0
0,3,1.1207589947300116,-0.5345451980491797,0.6896894265922036,-0.531050726819606,False,Cherbourg,no,0.0330656452941511,0,0,0,0,1,0,1,0,1,0,0,0,1,0
0,3,0.3938813798550463,-0.5345451980491797,-0.5007544611783037,-0.8549675428360756,True,Southampton,no,-0.6240080752947493,1,0,1,0,1,1,0,1,0,0,0,1,0,0
0,3,0.03044257241756362,-0.5345451980491797,-0.5007544611783037,-0.8462180002516918,True,Southampton,no,-0.6240080752947493,1,0,1,0,1,1,0,1,0,0,0,1,0,0
1,1,2.21107541704246,0.47587560314134286,-0.5007544611783037,2.0485572268634304,False,Cherbourg,yes,0.0330656452941511,0,0,0,0,0,0,1,0,1,0,0,0,1,0
1,3,-0.11493295055742946,-0.5345451980491797,-0.5007544611783037,-0.8471279526804678,False,Cherbourg,yes,-0.6240080752947493,0,0,0,0,1,0,1,1,0,0,0,1,0,0
1,1,-0.4056839965074156,-0.5345451980491797,-0.5007544611783037,1.8683275865533557,False,Cherbourg,yes,-0.6240080752947493,0,0,0,0,0,0,1,1,0,0,0,1,0,0
1,1,-0.33299623501991904,0.47587560314134286,-0.5007544611783037,1.2620586565675318,True,Cherbourg,yes,0.0330656452941511,1,0,0,0,0,1,0,0,1,0,0,1,0,0
0,3,-0.8418105654323949,0.47587560314134286,-0.5007544611783037,-0.8792125253374029,True,Southampton,no,0.0330656452941511,1,0,1,0,1,1,0,0,1,0,1,0,0,0
0,3,-0.7691228039448983,-0.5345451980491797,-0.5007544611783037,-0.811219829914157,True,Southampton,no,-0.6240080752947493,1,0,1,0,1,1,0,1,0,0,0,1,0,0
0,1,-0.5510595194824087,-0.5345451980491797,-0.5007544611783037,2.0485572268634304,True,Cherbourg,no,-0.6240080752947493,1,0,0,0,0,1,0,1,0,0,0,1,0,0
0,3,-1.9321269877448428,2.496717205522388,0.6896894265922036,-0.24140586910616751,False,Southampton,no,2.0042868070608524,0,0,1,0,1,0,0,0,0,1,0,0,0,0
1,1,-0.11493295055742946,0.47587560314134286,-0.5007544611783037,2.0485572268634304,False,Cherbourg,yes,0.0330656452941511,0,0,0,0,0,0,1,0,1,0,0,1,0,0
1,3,-0.5510595194824087,-0.5345451980491797,-0.5007544611783037,-0.8462180002516918,False,Southampton,yes,-0.6240080752947493,0,0,1,0,1,0,1,1,0,0,0,1,0,0
0,1,-0.18762071204492597,-0.5345451980491797,1.8801333143627108,2.0485572268634304,True,Cherbourg,no,0.6901393658830515,1,0,0,0,0,1,0,0,1,0,0,1,0,0
0,3,-0.6964350424574017,-0.5345451980491797,-0.5007544611783037,-0.9878512208364033,True,Cherbourg,no,-0.6240080752947493,1,0,0,0,1,1,0,1,0,0,0,1,0,0
0,3,-0.7691228039448983,-0.5345451980491797,-0.5007544611783037,-0.8232504509676845,True,Southampton,no,-0.6240080752947493,1,0,1,0,1,1,0,1,0,0,0,1,0,0
1,1,0.902695710267522,-0.5345451980491797,-0.5007544611783037,2.0485572268634304,False,Cherbourg,yes,-0.6240080752947493,0,0,0,0,0,0,1,1,0,0,0,0,1,0
1,3,-2.0775025107198357,-0.5345451980491797,1.8801333143627108,-0.47472554643263587,False,Cherbourg,yes,0.6901393658830515,0,0,0,0,1,0,0,0,1,0,0,0,0,0
0,3,0.1758180953925567,-0.5345451980491797,-0.5007544611783037,-0.8166882940293968,True,Southampton,no,-0.6240080752947493,1,0,1,0,1,1,0,1,0,0,0,1,0,0
1,1,0.3938813798550463,0.47587560314134286,-0.5007544611783037,1.1114921530041646,False,Southampton,yes,0.0330656452941511,0,0,1,0,0,0,1,0,1,0,0,1,0,0
0,2,-0.8418105654323949,-0.5345451980491797,-0.5007544611783037,2.0485572268634304,True,Southampton,no,-0.6240080752947493,1,0,1,1,0,1,0,1,0,0,1,0,0,0
0,3,-2.0775025107198357,4.517558807903433,1.8801333143627108,0.8883788171023798,False,Southampton,no,3.9755079688275536,1,0,1,0,1,0,0,0,0,1,0,0,0,0
0,3,-0.11493295055742946,-0.5345451980491797,-0.5007544611783037,-0.8252540962195085,True,Queenstown,no,-0.6240080752947493,1,1,0,0,1,1,0,1,0,0,0,1,0,0
1,2,-0.9144983269198913,-0.5345451980491797,-0.5007544611783037,-0.6384163638725786,False,Cherbourg,yes,-0.6240080752947493,0,0,0,1,0,0,1,1,0,0,1,0,0,0
1,1,0.46656914134254285,0.47587560314134286,1.8801333143627108,2.0485572268634304,True,Southampton,yes,1.3472130864719518,1,0,1,0,0,1,0,0,1,0,0,0,1,0
1,3,-0.6237472809699052,-0.5345451980491797,-0.5007544611783037,-0.8223404985389087,True,Southampton,yes,-0.6240080752947493,1,0,1,0,1,1,0,1,0,0,0,1,0,0
0,3,-0.11493295055742946,1.4862964043318654,-0.5007544611783037,-0.8166882940293968,True,Southampton,no,0.6901393658830515,1,0,1,0,1,1,0,0,1,0,0,1,0,0
1,1,-0.47837175799491216,0.47587560314134286,-0.5007544611783037,2.0485572268634304,False,Cherbourg,yes,0.0330656452941511,0,0,0,0,0,0,1,0,1,0,0,1,0,0
1,3,-0.4056839965074156,-0.5345451980491797,1.8801333143627108,-0.4328021131395613,False,Southampton,yes,0.6901393658830515,0,0,1,0,1,0,1,0,1,0,0,1,0,0
0,3,-0.5510595194824087,-0.5345451980491797,-0.5007544611783037,-0.8223404985389087,True,Southampton,no,-0.6240080752947493,1,0,1,0,1,1,0,1,0,0,0,1,0,0
0,3,0.10313033390506016,-0.5345451980491797,-0.5007544611783037,-0.8197856321042687,False,Southampton,no,-0.6240080752947493,0,0,1,0,1,0,1,1,0,0,0,1,0,0
0,2,1.1934467562175082,-0.5345451980491797,-0.5007544611783037,-0.025948382965718463,True,Southampton,no,-0.6240080752947493,1,0,1,1,0,1,0,1,0,0,0,0,1,0
0,2,-0.47837175799491216,-0.5345451980491797,-0.5007544611783037,-0.7040379332554565,True,Southampton,no,-0.6240080752947493,1,0,1,1,0,1,0,1,0,0,0,1,0,0
1,2,-0.11493295055742946,-0.5345451980491797,-0.5007544611783037,-0.6099803504733315,False,Southampton,yes,-0.6240080752947493,0,0,1,1,0,0,1,1,0,0,0,1,0,0
1,3,0.6846324258050325,-0.5345451980491797,-0.5007544611783037,-0.8166882940293968,True,Southampton,yes,-0.6240080752947493,1,0,1,0,1,1,0,1,0,0,0,0,1,0
0,3,-0.26030847353242254,-0.5345451980491797,-0.5007544611783037,-0.811219829914157,True,Southampton,no,-0.6240080752947493,1,0,1,0,1,1,0,1,0,0,0,1,0,0
0,3,-0.6237472809699052,0.47587560314134286,-0.5007544611783037,-0.7335676394777515,False,Southampton,no,0.0330656452941511,0,0,1,0,1,0,1,0,1,0,0,1,0,0
0,3,-0.11493295055742946,0.47587560314134286,-0.5007544611783037,-0.46998766912319206,True,Southampton,no,0.0330656452941511,1,0,1,0,1,1,0,0,1,0,0,1,0,0
0,3,-0.6964350424574017,-0.5345451980491797,-0.5007544611783037,-0.784424355749482,False,Southampton,no,-0.6240080752947493,0,0,1,0,1,0,1,1,0,0,0,1,0,0
0,2,0.3211936183675498,0.47587560314134286,-0.5007544611783037,-0.24468694757531137,True,Southampton,no,0.0330656452941511,1,0,1,1,0,1,0,0,1,0,0,1,0,0
0,3,1.556885563654991,-0.5345451980491797,-0.5007544611783037,-0.8243441437907325,True,Southampton,no,-0.6240080752947493,1,0,1,0,1,1,0,1,0,0,0,0,1,0
1,2,-1.9321269877448428,0.47587560314134286,0.6896894265922036,-0.3431193016496282,False,Southampton,yes,0.6901393658830515,1,0,1,1,0,0,0,0,1,0,0,0,0,0
0,3,-0.6237472809699052,-0.5345451980491797,-0.5007544611783037,-0.8232504509676845,True,Southampton,no,-0.6240080752947493,1,0,1,0,1,1,0,1,0,0,0,1,0,0
0,3,-0.11493295055742946,-0.5345451980491797,-0.5007544611783037,-0.8633539794032073,True,Queenstown,no,-0.6240080752947493,1,1,0,0,1,1,0,1,0,0,0,1,0,0
1,1,0.24850585688005322,0.47587560314134286,-0.5007544611783037,2.0485572268634304,False,Queenstown,yes,0.0330656452941511,0,1,0,0,0,0,1,0,1,0,0,1,0,0
1,3,1.048071233242515,-0.5345451980491797,-0.5007544611783037,-0.8166882940293968,True,Southampton,yes,-0.6240080752947493,1,0,1,0,1,1,0,1,0,0,0,0,1,0
0,3,-0.11493295055742946,-0.5345451980491797,-0.5007544611783037,-0.811219829914157,False,Southampton,no,-0.6240080752947493,0,0,1,0,1,0,1,1,0,0,0,1,0,0
1,2,0.3211936183675498,0.47587560314134286,0.6896894265922036,0.2584117510267523,False,Southampton,yes,0.6901393658830515,0,0,1,1,0,0,1,0,1,0,0,1,0,0
1,2,-0.8418105654323949,-0.5345451980491797,1.8801333143627108,-0.59466865095066,False,Southampton,yes,0.6901393658830515,0,0,1,1,0,0,1,0,1,0,1,0,0,0
0,3,-1.4233126573323671,-0.5345451980491797,1.8801333143627108,-0.1068816518712679,False,Southampton,no,0.6901393658830515,0,0,1,0,1,0,0,0,1,0,0,0,0,0
0,3,-0.6237472809699052,-0.5345451980491797,-0.5007544611783037,-0.8250747305965286,True,Queenstown,no,-0.6240080752947493,1,1,0,0,1,1,0,1,0,0,0,1,0,0
0,3,-0.042245189069932916,-0.5345451980491797,-0.5007544611783037,-0.8188756796754927,True,Southampton,no,-0.6240080752947493,1,0,1,0,1,1,0,1,0,0,0,1,0,0
0,3,-0.11493295055742946,0.47587560314134286,0.6896894265922036,-0.533421852859974,False,Southampton,no,0.6901393658830515,0,0,1,0,1,0,1,0,1,0,0,1,0,0
0,3,-0.8418105654323949,0.47587560314134286,0.6896894265922036,-0.2791382715013223,True,Southampton,no,0.6901393658830515,1,0,1,0,1,1,0,0,1,0,1,0,0,0
1,2,-0.11493295055742946,0.47587560314134286,-0.5007544611783037,-0.025948382965718463,False,Southampton,yes,0.0330656452941511,0,0,1,1,0,0,1,0,1,0,0,1,0,0
1,2,-0.7691228039448983,-0.5345451980491797,-0.5007544611783037,-0.025948382965718463,False,Southampton,yes,-0.6240080752947493,0,0,1,1,0,0,1,1,0,0,0,1,0,0
1,3,0.1758180953925567,-0.5345451980491797,-0.5007544611783037,-0.811219829914157,True,Southampton,yes,-0.6240080752947493,1,0,1,0,1,1,0,1,0,0,0,1,0,0
1,1,-0.11493295055742946,-0.5345451980491797,-0.5007544611783037,-0.001887140858663212,True,Southampton,yes,-0.6240080752947493,1,0,1,0,0,1,0,1,0,0,0,1,0,0
1,2,0.902695710267522,0.47587560314134286,-0.5007544611783037,-0.025948382965718463,False,Southampton,yes,0.0330656452941511,0,0,1,1,0,0,1,0,1,0,0,0,1,0
0,3,-0.9144983269198913,-0.5345451980491797,-0.5007544611783037,-0.8516864643669316,True,Southampton,no,-0.6240080752947493,1,0,1,0,1,1,0,1,0,0,1,0,0,0
0,1,1.4841978021674944,0.47587560314134286,-0.5007544611783037,1.282108233399647,True,Southampton,no,0.0330656452941511,1,0,1,0,0,1,0,0,1,0,0,0,1,0
1,1,-1.1325616113823809,0.47587560314134286,1.8801333143627108,2.0485572268634304,False,Southampton,yes,1.3472130864719518,0,0,1,0,0,0,0,0,1,0,1,0,0,0
0,3,-0.6237472809699052,1.4862964043318654,1.8801333143627108,0.34043871275534965,False,Southampton,no,2.0042868070608524,0,0,1,0,1,0,1,0,0,1,0,1,0,0
1,2,-0.4056839965074156,1.4862964043318654,3.070577202133218,-0.3431193016496282,False,Southampton,yes,2.661360527649753,0,0,1,1,0,0,1,0,0,1,0,1,0,0
0,1,2.501826462992446,0.47587560314134286,4.261021089903725,2.0485572268634304,True,Southampton,no,2.661360527649753,1,0,1,0,0,1,0,0,0,1,0,0,0,1
0,2,0.10313033390506016,-0.5345451980491797,-0.5007544611783037,-0.7040379332554565,True,Southampton,no,-0.6240080752947493,1,0,1,1,0,1,0,1,0,0,0,1,0,0
1,2,1.1207589947300116,0.47587560314134286,0.6896894265922036,-0.015011454735238816,False,Southampton,yes,0.6901393658830515,0,0,1,1,0,0,1,0,1,0,0,0,1,0
0,3,-0.6964350424574017,-0.5345451980491797,-0.5007544611783037,-0.7477856461773751,True,Southampton,no,-0.6240080752947493,1,0,1,0,1,1,0,1,0,0,0,1,0,0
0,3,-0.33299623501991904,0.47587560314134286,-0.5007544611783037,-0.8232504509676845,True,Southampton,no,0.0330656452941511,1,0,1,0,1,1,0,0,1,0,0,1,0,0
1,2,-0.11493295055742946,-0.5345451980491797,-0.5007544611783037,-0.59466865095066,False,Southampton,yes,-0.6240080752947493,0,0,1,1,0,0,1,1,0,0,0,1,0,0
1,3,-0.11493295055742946,-0.5345451980491797,-0.5007544611783037,-0.8084855978565371,True,Southampton,yes,-0.6240080752947493,1,0,1,0,1,1,0,1,0,0,0,1,0,0
1,1,-1.8594392262573463,-0.5345451980491797,1.8801333143627108,2.0485572268634304,False,Southampton,yes,0.6901393658830515,1,0,1,0,0,0,0,0,1,0,0,0,0,0
1,2,-1.2052493728698774,-0.5345451980491797,0.6896894265922036,-0.31030851695818923,False,Southampton,yes,0.0330656452941511,0,0,1,1,0,0,0,0,1,0,1,0,0,0
1,1,0.3211936183675498,-0.5345451980491797,-0.5007544611783037,-0.001887140858663212,True,Southampton,yes,-0.6240080752947493,1,0,1,0,0,1,0,1,0,0,0,1,0,0
1,3,-1.7867514647698497,1.4862964043318654,0.6896894265922036,-0.320882339171417,False,Cherbourg,yes,1.3472130864719518,0,0,0,0,1,0,0,0,1,0,0,0,0,0
1,1,1.6295733251424873,-0.5345451980491797,-0.5007544611783037,0.17091632518291516,True,Southampton,yes,-0.6240080752947493,1,0,1,0,0,1,0,1,0,0,0,0,1,0
0,2,0.46656914134254285,0.47587560314134286,1.8801333143627108,0.05061011464763905,True,Southampton,no,1.3472130864719518,1,0,1,1,0,1,0,0,1,0,0,0,1,0
0,3,-0.11493295055742946,0.47587560314134286,-0.5007544611783037,-0.28989145933752986,True,Southampton,no,0.0330656452941511,1,0,1,0,1,1,0,0,1,0,0,1,0,0
0,1,0.03044257241756362,-0.5345451980491797,-0.5007544611783037,0.05061011464763905,True,Cherbourg,no,-0.6240080752947493,1,0,0,0,0,1,0,1,0,0,0,1,0,0
1,1,1.4115100406799979,0.47587560314134286,-0.5007544611783037,2.0485572268634304,True,Cherbourg,yes,0.0330656452941511,1,0,0,0,0,1,0,0,1,0,0,0,1,0
1,3,-0.042245189069932916,-0.5345451980491797,-0.5007544611783037,-0.8179657272467168,True,Cherbourg,yes,-0.6240080752947493,1,0,0,0,1,1,0,1,0,0,0,1,0,0
0,1,2.574514224479943,-0.5345451980491797,-0.5007544611783037,-0.001887140858663212,True,Southampton,no,-0.6240080752947493,1,0,1,0,0,1,0,1,0,0,0,0,0,1
1,1,-0.11493295055742946,0.47587560314134286,-0.5007544611783037,1.1054768424774006,False,Southampton,yes,0.0330656452941511,0,0,1,0,0,0,1,0,1,0,0,1,0,0
1,2,1.4841978021674944,-0.5345451980491797,-0.5007544611783037,-0.7040379332554565,False,Southampton,yes,-0.6240080752947493,0,0,1,1,0,0,1,1,0,0,0,0,1,0
1,1,1.3388222791925013,-0.5345451980491797,-0.5007544611783037,-0.001887140858663212,True,Southampton,yes,-0.6240080752947493,1,0,1,0,0,1,0,1,0,0,0,0,1,0
0,3,0.3211936183675498,-0.5345451980491797,-0.5007544611783037,-0.811219829914157,True,Southampton,no,-0.6240080752947493,1,0,1,0,1,1,0,1,0,0,0,1,0,0
0,1,1.2661345177050047,-0.5345451980491797,-0.5007544611783037,0.5208980285582638,True,Southampton,no,-0.6240080752947493,1,0,1,0,0,1,0,1,0,0,0,0,1,0
0,2,1.3388222791925013,-0.5345451980491797,-0.5007544611783037,-0.59466865095066,True,Southampton,no,-0.6240080752947493,1,0,1,1,0,1,0,1,0,0,0,0,1,0
0,3,0.6119446643175359,-0.5345451980491797,-0.5007544611783037,-0.8549675428360756,True,Southampton,no,-0.6240080752947493,1,0,1,0,1,1,0,1,0,0,0,0,1,0
0,1,1.9203243710924736,-0.5345451980491797,-0.5007544611783037,-0.001887140858663212,True,Southampton,no,-0.6240080752947493,1,0,1,0,0,1,0,1,0,0,0,0,1,0
0,3,-0.11493295055742946,-0.5345451980491797,-0.5007544611783037,-0.8254378366137806,True,Queenstown,no,-0.6240080752947493,1,1,0,0,1,1,0,1,0,0,0,1,0,0
1,3,-2.09567445109171,1.4862964043318654,0.6896894265922036,-0.320882339171417,False,Cherbourg,yes,1.3472130864719518,0,0,0,0,1,0,0,0,1,0,0,0,0,0
0,3,0.6119446643175359,-0.5345451980491797,-0.5007544611783037,-0.784424355749482,True,Southampton,no,-0.6240080752947493,1,0,1,0,1,1,0,1,0,0,0,0,1,0
1,2,0.24850585688005322,0.47587560314134286,1.8801333143627108,0.05061011464763905,False,Southampton,yes,1.3472130864719518,0,0,1,1,0,0,1,0,1,0,0,1,0,0
1,2,-0.47837175799491216,-0.5345451980491797,-0.5007544611783037,-0.5600335866303771,False,Cherbourg,yes,-0.6240080752947493,0,0,0,1,0,0,1,1,0,0,0,1,0,0
0,3,-0.5510595194824087,-0.5345451980491797,-0.5007544611783037,-0.7330207930662275,False,Southampton,no,-0.6240080752947493,0,0,1,0,1,0,1,1,0,0,0,1,0,0
0,1,-0.11493295055742946,-0.5345451980491797,-0.5007544611783037,1.1114921530041646,True,Southampton,no,-0.6240080752947493,1,0,1,0,0,1,0,1,0,0,0,1,0,0
0,3,-0.042245189069932916,0.47587560314134286,-0.5007544611783037,-0.8551512832303476,True,Southampton,no,0.0330656452941511,1,0,1,0,1,1,0,0,1,0,0,1,0,0
0,3,-0.5510595194824087,-0.5345451980491797,-0.5007544611783037,-0.8343711195924363,True,Southampton,no,-0.6240080752947493,1,0,1,0,1,1,0,1,0,0,0,1,0,0
1,3,-2.0048147492323394,-0.5345451980491797,0.6896894265922036,-0.625838896407527,False,Southampton,yes,0.0330656452941511,0,0,1,0,1,0,0,0,1,0,0,0,0,0
0,3,-1.4960004188198637,4.517558807903433,1.8801333143627108,0.8883788171023798,False,Southampton,no,3.9755079688275536,1,0,1,0,1,0,0,0,0,1,0,0,0,0
0,3,1.4841978021674944,-0.5345451980491797,-0.5007544611783037,-0.811219829914157,True,Southampton,no,-0.6240080752947493,1,0,1,0,1,1,0,1,0,0,0,0,1,0
1,3,2.4291387015049497,-0.5345451980491797,-0.5007544611783037,-0.7439577212967071,False,Southampton,yes,-0.6240080752947493,0,0,1,0,1,0,1,1,0,0,0,0,0,1
1,1,-0.33299623501991904,0.47587560314134286,-0.5007544611783037,2.0485572268634304,True,Cherbourg,yes,0.0330656452941511,1,0,0,0,0,1,0,0,1,0,0,1,0,0
1,1,0.3938813798550463,0.47587560314134286,-0.5007544611783037,2.0485572268634304,False,Southampton,yes,0.0330656452941511,0,0,1,0,0,0,1,0,1,0,0,1,0,0
0,1,2.0656998940674667,-0.5345451980491797,-0.5007544611783037,0.13591815484538025,True,Cherbourg,no,-0.6240080752947493,1,0,0,0,0,1,0,1,0,0,0,0,1,0
1,3,-1.4960004188198637,0.47587560314134286,0.6896894265922036,-0.4678002834770961,False,Southampton,yes,0.6901393658830515,1,0,1,0,1,0,0,0,1,0,0,0,0,0
0,3,-0.6237472809699052,-0.5345451980491797,-0.5007544611783037,-0.8462180002516918,True,Southampton,no,-0.6240080752947493,1,0,1,0,1,1,0,1,0,0,0,1,0,0
0,1,1.847636609604977,-0.5345451980491797,-0.5007544611783037,0.17091632518291516,True,Southampton,no,-0.6240080752947493,1,0,1,0,0,1,0,1,0,0,0,0,1,0
0,1,3.0106407934049217,-0.5345451980491797,-0.5007544611783037,1.00230661109364,True,Cherbourg,no,-0.6240080752947493,1,0,0,0,0,1,0,1,0,0,0,0,0,1
0,3,-0.11493295055742946,-0.5345451980491797,-0.5007544611783037,-0.5308713611966261,True,Cherbourg,no,-0.6240080752947493,1,0,0,0,1,1,0,1,0,0,0,1,0,0
1,1,1.7749488481174804,0.47587560314134286,-0.5007544611783037,2.0485572268634304,False,Cherbourg,yes,0.0330656452941511,0,0,0,0,0,0,1,0,1,0,0,0,1,0
0,3,-0.11493295055742946,-0.5345451980491797,-0.5007544611783037,-0.502798453814631,True,Southampton,no,-0.6240080752947493,1,0,1,0,1,1,0,1,0,0,0,1,0,0
0,1,-0.33299623501991904,0.47587560314134286,1.8801333143627108,2.0485572268634304,False,Southampton,no,1.3472130864719518,0,0,1,0,0,0,1,0,1,0,0,1,0,0
0,3,-0.4056839965074156,-0.5345451980491797,-0.5007544611783037,-0.8223404985389087,True,Southampton,no,-0.6240080752947493,1,0,1,0,1,1,0,1,0,0,0,1,0,0
0,3,-0.6237472809699052,-0.5345451980491797,-0.5007544611783037,-0.8243441437907325,False,Queenstown,no,-0.6240080752947493,0,1,0,0,1,0,1,1,0,0,0,1,0,0
0,3,-0.11493295055742946,-0.5345451980491797,-0.5007544611783037,-0.8296288675117003,False,Queenstown,no,-0.6240080752947493,0,1,0,0,1,0,1,1,0,0,0,1,0,0
0,3,0.5392569028300394,-0.5345451980491797,-0.5007544611783037,-0.7439577212967071,False,Southampton,no,-0.6240080752947493,0,0,1,0,1,0,1,1,0,0,0,0,1,0
1,1,-0.9871860884073879,-0.5345451980491797,-0.5007544611783037,2.0485572268634304,False,Southampton,yes,-0.6240080752947493,0,0,1,0,0,0,1,1,0,0,1,0,0,0
0,1,-0.8418105654323949,0.47587560314134286,-0.5007544611783037,2.0485572268634304,True,Cherbourg,no,0.0330656452941511,1,0,0,0,0,1,0,0,1,0,1,0,0,0
1,2,0.24850585688005322,-0.5345451980491797,1.8801333143627108,-0.025948382965718463,False,Southampton,yes,0.6901393658830515,0,0,1,1,0,0,1,0,1,0,0,1,0,0
0,3,-0.11493295055742946,-0.5345451980491797,-0.5007544611783037,-0.1779716853693856,True,Southampton,no,-0.6240080752947493,1,0,1,0,1,1,0,1,0,0,0,1,0,0
1,3,-0.26030847353242254,-0.5345451980491797,-0.5007544611783037,1.3081731207585263,True,Southampton,yes,-0.6240080752947493,1,0,1,0,1,1,0,1,0,0,0,1,0,0
1,3,-0.042245189069932916,-0.5345451980491797,-0.5007544611783037,-0.8243441437907325,True,Queenstown,yes,-0.6240080752947493,1,1,0,0,1,1,0,1,0,0,0,1,0,0
1,1,0.46656914134254285,-0.5345451980491797,-0.5007544611783037,-0.013370915500666809,True,Southampton,yes,-0.6240080752947493,1,0,1,0,0,1,0,1,0,0,0,0,1,0
1,1,1.7749488481174804,0.47587560314134286,-0.5007544611783037,1.4352252286263623,False,Cherbourg,yes,0.0330656452941511,0,0,0,0,0,0,1,0,1,0,0,0,1,0
0,3,-0.4056839965074156,-0.5345451980491797,-0.5007544611783037,-0.8354648124154843,True,Southampton,no,-0.6240080752947493,1,0,1,0,1,1,0,1,0,0,0,1,0,0
0,1,1.2661345177050047,-0.5345451980491797,-0.5007544611783037,0.3249432728384061,True,Southampton,no,-0.6240080752947493,1,0,1,0,0,1,0,1,0,0,0,0,1,0
1,2,0.3211936183675498,-0.5345451980491797,-0.5007544611783037,-0.7040379332554565,False,Southampton,yes,-0.6240080752947493,0,0,1,1,0,0,1,1,0,0,0,1,0,0
0,3,-0.11493295055742946,-0.5345451980491797,-0.5007544611783037,-0.1068816518712679,True,Queenstown,no,-0.6240080752947493,1,1,0,0,1,1,0,1,0,0,0,1,0,0
1,2,0.46656914134254285,0.47587560314134286,-0.5007544611783037,-0.025948382965718463,False,Southampton,yes,0.0330656452941511,0,0,1,1,0,0,1,0,1,0,0,0,1,0
0,3,0.1758180953925567,-0.5345451980491797,-0.5007544611783037,-0.8179657272467168,True,Southampton,no,-0.6240080752947493,1,0,1,0,1,1,0,1,0,0,0,1,0,0
1,1,0.03044257241756362,-0.5345451980491797,-0.5007544611783037,2.0485572268634304,False,Southampton,yes,-0.6240080752947493,0,0,1,0,0,0,1,1,0,0,0,1,0,0
1,1,1.048071233242515,-0.5345451980491797,0.6896894265922036,1.3730684781069002,False,Cherbourg,yes,0.0330656452941511,0,0,0,0,0,0,1,0,1,0,0,0,1,0
0,3,-0.11493295055742946,-0.5345451980491797,-0.5007544611783037,-0.8471279526804678,True,Cherbourg,no,-0.6240080752947493,1,0,0,0,1,1,0,1,0,0,0,1,0,0
0,3,0.7936640680362772,-0.5345451980491797,-0.5007544611783037,-0.8243441437907325,True,Queenstown,no,-0.6240080752947493,1,1,0,0,1,1,0,1,0,0,0,0,1,0
0,1,-0.11493295055742946,-0.5345451980491797,-0.5007544611783037,2.0485572268634304,True,Southampton,no,-0.6240080752947493,1,0,1,0,0,1,0,1,0,0,0,1,0,0
0,3,0.6846324258050325,-0.5345451980491797,-0.5007544611783037,-0.8166882940293968,True,Southampton,no,-0.6240080752947493,1,0,1,0,1,1,0,1,0,0,0,0,1,0
0,2,-0.47837175799491216,1.4862964043318654,0.6896894265922036,-0.6602902203335379,True,Southampton,no,1.3472130864719518,1,0,1,1,0,1,0,0,1,0,0,1,0,0
1,2,-2.0048147492323394,0.47587560314134286,0.6896894265922036,-0.025948382965718463,False,Southampton,yes,0.6901393658830515,0,0,1,1,0,0,0,0,1,0,0,0,0,0
0,3,-0.9144983269198913,0.47587560314134286,0.6896894265922036,-0.8471279526804678,True,Cherbourg,no,0.6901393658830515,1,0,0,0,1,1,0,0,1,0,1,0,0,0
1,3,-0.11493295055742946,-0.5345451980491797,1.8801333143627108,-0.18526442911346935,False,Cherbourg,yes,0.6901393658830515,0,0,0,0,1,0,1,0,1,0,0,1,0,0
0,3,0.03044257241756362,-0.5345451980491797,-0.5007544611783037,-0.784424355749482,False,Southampton,no,-0.6240080752947493,0,0,1,0,1,0,1,1,0,0,0,1,0,0
1,2,-1.6413759417948568,-0.5345451980491797,1.8801333143627108,-0.015011454735238816,False,Southampton,yes,0.6901393658830515,0,0,1,1,0,0,0,0,1,0,0,0,0,0
0,1,1.1207589947300116,-0.5345451980491797,-0.5007544611783037,-0.001887140858663212,True,Southampton,no,-0.6240080752947493,1,0,1,0,0,1,0,1,0,0,0,0,1,0
1,1,0.03044257241756362,-0.5345451980491797,-0.5007544611783037,2.0485572268634304,False,Cherbourg,yes,-0.6240080752947493,0,0,0,0,0,0,1,1,0,0,0,1,0,0
0,3,-0.11493295055742946,-0.5345451980491797,-0.5007544611783037,-0.5290470815677821,True,Southampton,no,-0.6240080752947493,1,0,1,0,1,1,0,1,0,0,0,1,0,0
1,1,-0.5510595194824087,-0.5345451980491797,1.8801333143627108,1.0021228706993681,False,Cherbourg,yes,0.6901393658830515,0,0,0,0,0,0,1,0,1,0,0,1,0,0
1,1,0.46656914134254285,-0.5345451980491797,1.8801333143627108,1.9426986985206176,False,Southampton,yes,0.6901393658830515,0,0,1,0,0,0,1,0,1,0,0,0,1,0
0,3,-1.4960004188198637,3.50713800671291,1.8801333143627108,0.204820802697402,False,Southampton,no,3.3184342482386535,0,0,1,0,1,0,0,0,0,1,0,0,0,0
0,3,-1.3506248958448706,3.50713800671291,1.8801333143627108,0.204820802697402,False,Southampton,no,3.3184342482386535,0,0,1,0,1,0,0,0,0,1,0,0,0,0
1,2,0.1758180953925567,0.47587560314134286,-0.5007544611783037,-0.025948382965718463,True,Southampton,yes,0.0330656452941511,1,0,1,1,0,1,0,0,1,0,0,1,0,0
0,1,1.4841978021674944,0.47587560314134286,-0.5007544611783037,2.0485572268634304,True,Cherbourg,no,0.0330656452941511,1,0,0,0,0,1,0,0,1,0,0,0,1,0
0,1,2.501826462992446,-0.5345451980491797,-0.5007544611783037,-0.025948382965718463,True,Southampton,no,-0.6240080752947493,1,0,1,0,0,1,0,1,0,0,0,0,0,1
1,2,-0.7691228039448983,0.47587560314134286,-0.5007544611783037,-0.025948382965718463,False,Southampton,yes,0.0330656452941511,0,0,1,1,0,0,1,0,1,0,0,1,0,0
1,2,-0.11493295055742946,-0.5345451980491797,-0.5007544611783037,-0.5569362485555052,True,Cherbourg,yes,-0.6240080752947493,1,0,0,1,0,1,0,1,0,0,0,1,0,0
0,3,0.24850585688005322,0.47587560314134286,0.6896894265922036,-0.26546711121322275,True,Southampton,no,0.6901393658830515,1,0,1,0,1,1,0,0,1,0,0,1,0,0
1,2,-1.5686881803073602,0.47587560314134286,0.6896894265922036,0.4443395309449063,False,Southampton,yes,0.6901393658830515,1,0,1,1,0,0,0,0,1,0,0,0,0,0
1,1,-0.9144983269198913,-0.5345451980491797,1.8801333143627108,2.0485572268634304,True,Cherbourg,yes,0.6901393658830515,1,0,0,0,0,1,0,0,1,0,1,0,0,0
0,2,-0.18762071204492597,-0.5345451980491797,-0.5007544611783037,-0.025948382965718463,True,Southampton,no,-0.6240080752947493,1,0,1,1,0,1,0,1,0,0,0,1,0,0
0,3,-0.11493295055742946,-0.5345451980491797,-0.5007544611783037,-0.8208793249273166,True,Queenstown,no,-0.6240080752947493,1,1,0,0,1,1,0,1,0,0,0,1,0,0
1,3,-0.5510595194824087,-0.5345451980491797,-0.5007544611783037,-0.8473116930747399,True,Cherbourg,yes,-0.6240080752947493,1,0,0,0,1,1,0,1,0,0,0,1,0,0
1,3,-0.5510595194824087,-0.5345451980491797,-0.5007544611783037,-0.8232504509676845,False,Southampton,yes,-0.6240080752947493,0,0,1,0,1,0,1,1,0,0,0,1,0,0
1,1,1.3388222791925013,0.47587560314134286,-0.5007544611783037,0.5690205127723743,False,Cherbourg,yes,0.0330656452941511,0,0,0,0,0,0,1,0,1,0,0,0,1,0
0,1,-0.11493295055742946,-0.5345451980491797,-0.5007544611783037,2.0485572268634304,True,Cherbourg,no,-0.6240080752947493,1,0,0,0,0,1,0,1,0,0,0,1,0,0
1,1,0.6846324258050325,0.47587560314134286,0.6896894265922036,2.0485572268634304,False,Southampton,yes,0.6901393658830515,0,0,1,0,0,0,1,0,1,0,0,0,1,0
1,3,0.46656914134254285,0.47587560314134286,-0.5007544611783037,-0.4021787140942183,False,Southampton,yes,0.0330656452941511,0,0,1,0,1,0,1,0,1,0,0,0,1,0
0,3,0.757320187292529,-0.5345451980491797,-0.5007544611783037,-0.8179657272467168,True,Southampton,no,-0.6240080752947493,1,0,1,0,1,1,0,1,0,0,0,0,1,0
0,2,-0.11493295055742946,-0.5345451980491797,-0.5007544611783037,-0.5727947944897007,True,Southampton,no,-0.6240080752947493,1,0,1,1,0,1,0,1,0,0,0,1,0,0
0,3,-0.4056839965074156,1.4862964043318654,-0.5007544611783037,-0.1068816518712679,True,Southampton,no,0.6901393658830515,1,0,1,0,1,1,0,0,1,0,0,1,0,0
0,3,-0.7691228039448983,-0.5345451980491797,-0.5007544611783037,-0.8179657272467168,True,Southampton,no,-0.6240080752947493,1,0,1,0,1,1,0,1,0,0,0,1,0,0
0,3,-0.042245189069932916,-0.5345451980491797,4.261021089903725,-0.24140586910616751,False,Southampton,no,2.0042868070608524,0,0,1,0,1,0,1,0,0,1,0,1,0,0
1,3,0.1758180953925567,-0.5345451980491797,-0.5007544611783037,-0.8197856321042687,True,Southampton,yes,-0.6240080752947493,1,0,1,0,1,1,0,1,0,0,0,1,0,0
1,2,2.356450940017453,-0.5345451980491797,-0.5007544611783037,-0.7040379332554565,True,Southampton,yes,-0.6240080752947493,1,0,1,1,0,1,0,1,0,0,0,0,0,1
1,1,1.7022610866299839,1.4862964043318654,-0.5007544611783037,1.0887083441144294,False,Southampton,yes,0.6901393658830515,0,0,1,0,0,0,1,0,1,0,0,0,1,0
1,1,0.46656914134254285,-0.5345451980491797,-0.5007544611783037,-0.008996144208475044,True,Southampton,yes,-0.6240080752947493,1,0,1,0,0,1,0,1,0,0,0,0,1,0
0,3,-0.9871860884073879,-0.5345451980491797,-0.5007544611783037,-0.811219829914157,True,Southampton,no,-0.6240080752947493,1,0,1,0,1,1,0,1,0,0,1,0,0,0
0,3,-0.7691228039448983,-0.5345451980491797,-0.5007544611783037,-0.5290470815677821,True,Southampton,no,-0.6240080752947493,1,0,1,0,1,1,0,1,0,0,0,1,0,0
1,2,0.3211936183675498,-0.5345451980491797,-0.5007544611783037,-0.59466865095066,False,Southampton,yes,-0.6240080752947493,0,0,1,1,0,0,1,1,0,0,0,1,0,0
1,1,0.6846324258050325,0.47587560314134286,-0.5007544611783037,1.282108233399647,False,Southampton,yes,0.0330656452941511,0,0,1,0,0,0,1,0,1,0,0,0,1,0
0,3,-0.11493295055742946,0.47587560314134286,-0.5007544611783037,-0.5308713611966261,False,Cherbourg,no,0.0330656452941511,0,0,0,0,1,0,1,0,1,0,0,1,0,0
1,3,0.1758180953925567,-0.5345451980491797,-0.5007544611783037,-0.8166882940293968,True,Southampton,yes,-0.6240080752947493,1,0,1,0,1,1,0,1,0,0,0,1,0,0
1,2,-0.33299623501991904,0.47587560314134286,0.6896894265922036,0.14904246872195587,False,Southampton,yes,0.6901393658830515,0,0,1,1,0,0,1,0,1,0,0,1,0,0
1,1,0.6846324258050325,0.47587560314134286,0.6896894265922036,2.0485572268634304,False,Cherbourg,yes,0.6901393658830515,0,0,0,0,0,0,1,0,1,0,0,0,1,0
0,2,1.7749488481174804,-0.5345451980491797,-0.5007544611783037,-0.025948382965718463,True,Southampton,no,-0.6240080752947493,1,0,1,1,0,1,0,1,0,0,0,0,1,0
0,1,0.46656914134254285,-0.5345451980491797,-0.5007544611783037,0.5919880620563814,True,Cherbourg,no,-0.6240080752947493,1,0,0,0,0,1,0,1,0,0,0,0,1,0
0,3,-0.11493295055742946,-0.5345451980491797,-0.5007544611783037,-0.7822369701033859,True,Cherbourg,no,-0.6240080752947493,1,0,0,0,1,1,0,1,0,0,0,1,0,0
1,1,-0.8418105654323949,-0.5345451980491797,1.8801333143627108,2.0485572268634304,False,Southampton,yes,0.6901393658830515,0,0,1,0,0,0,1,0,1,0,1,0,0,0
0,2,1.2661345177050047,-0.5345451980491797,-0.5007544611783037,-0.5071732251068228,True,Southampton,no,-0.6240080752947493,1,0,1,1,0,1,0,1,0,0,0,0,1,0
1,1,2.21107541704246,0.47587560314134286,0.6896894265922036,2.0485572268634304,True,Cherbourg,yes,0.6901393658830515,1,0,0,0,0,1,0,0,1,0,0,0,1,0
0,3,0.3938813798550463,-0.5345451980491797,-0.5007544611783037,-0.8516864643669316,True,Southampton,no,-0.6240080752947493,1,0,1,0,1,1,0,1,0,0,0,1,0,0
1,1,1.6295733251424873,0.47587560314134286,-0.5007544611783037,2.0485572268634304,False,Cherbourg,yes,0.0330656452941511,0,0,0,0,0,0,1,0,1,0,0,0,1,0
0,3,1.2661345177050047,-0.5345451980491797,-0.5007544611783037,-0.8462180002516918,True,Southampton,no,-0.6240080752947493,1,0,1,0,1,1,0,1,0,0,0,0,1,0
0,3,-0.11493295055742946,-0.5345451980491797,1.8801333143627108,-0.8243441437907325,False,Queenstown,no,0.6901393658830515,0,1,0,0,1,0,1,0,1,0,0,1,0,0
0,2,0.5392569028300394,0.47587560314134286,-0.5007544611783037,-0.025948382965718463,True,Southampton,no,0.0330656452941511,1,0,1,1,0,1,0,0,1,0,0,0,1,0
0,3,0.46656914134254285,0.47587560314134286,0.6896894265922036,-0.1068816518712679,True,Southampton,no,0.6901393658830515,1,0,1,0,1,1,0,0,1,0,0,0,1,0
1,2,-0.11493295055742946,-0.5345451980491797,-0.5007544611783037,0.2802856074877116,False,Southampton,yes,-0.6240080752947493,0,0,1,1,0,0,1,1,0,0,0,1,0,0
0,3,1.4115100406799979,-0.5345451980491797,-0.5007544611783037,-1.1633889189356015,True,Southampton,no,-0.6240080752947493,1,0,1,0,1,1,0,1,0,0,0,0,1,0
1,1,1.4115100406799979,0.47587560314134286,-0.5007544611783037,1.3271333795388858,True,Cherbourg,yes,0.0330656452941511,1,0,0,0,0,1,0,0,1,0,0,0,1,0
1,2,-0.4056839965074156,1.4862964043318654,0.6896894265922036,0.017799329956200118,False,Southampton,yes,1.3472130864719518,0,0,1,1,0,0,1,0,1,0,0,1,0,0
0,1,-0.11493295055742946,-0.5345451980491797,-0.5007544611783037,0.6915141089537462,True,Southampton,no,-0.6240080752947493,1,0,1,0,0,1,0,1,0,0,0,1,0,0
0,3,1.048071233242515,-0.5345451980491797,-0.5007544611783037,-0.811219829914157,True,Southampton,no,-0.6240080752947493,1,0,1,0,1,1,0,1,0,0,0,0,1,0
1,1,0.3938813798550463,-0.5345451980491797,-0.5007544611783037,-0.001887140858663212,True,Cherbourg,yes,-0.6240080752947493,1,0,0,0,0,1,0,1,0,0,0,1,0,0
0,3,0.46656914134254285,0.47587560314134286,-0.5007544611783037,-0.4831119829997676,True,Southampton,no,0.0330656452941511,1,0,1,0,1,1,0,0,1,0,0,0,1,0
0,3,0.03044257241756362,-0.5345451980491797,-0.5007544611783037,-0.8179657272467168,True,Southampton,no,-0.6240080752947493,1,0,1,0,1,1,0,1,0,0,0,1,0,0
1,1,-0.18762071204492597,-0.5345451980491797,-0.5007544611783037,0.17091632518291516,True,Southampton,yes,-0.6240080752947493,1,0,1,0,0,1,0,1,0,0,0,1,0,0
1,2,-0.5510595194824087,0.47587560314134286,1.8801333143627108,0.6556059861874355,False,Cherbourg,yes,1.3472130864719518,0,0,0,1,0,0,1,0,1,0,0,1,0,0
1,1,0.757320187292529,-0.5345451980491797,-0.5007544611783037,2.0485572268634304,False,Southampton,yes,-0.6240080752947493,0,0,1,0,0,0,1,1,0,0,0,0,1,0
0,3,0.6846324258050325,0.47587560314134286,5.451464977674232,0.204820802697402,False,Southampton,no,3.3184342482386535,0,0,1,0,1,0,1,0,0,1,0,0,1,0
0,3,-0.11493295055742946,-0.5345451980491797,-0.5007544611783037,-0.8549675428360756,True,Southampton,no,-0.6240080752947493,1,0,1,0,1,1,0,1,0,0,0,1,0,0
1,2,-0.4056839965074156,0.47587560314134286,1.8801333143627108,1.680212420989106,False,Southampton,yes,1.3472130864719518,0,0,1,1,0,0,1,0,1,0,0,1,0,0
0,3,0.3211936183675498,0.47587560314134286,0.6896894265922036,-0.533421852859974,True,Southampton,no,0.6901393658830515,1,0,1,0,1,1,0,0,1,0,0,1,0,0
0,3,-0.26030847353242254,0.47587560314134286,-0.5007544611783037,-0.45905074089271236,False,Southampton,no,0.0330656452941511,0,0,1,0,1,0,1,0,1,0,0,1,0,0
1,2,-1.8594392262573463,1.4862964043318654,0.6896894265922036,0.5427718850192231,False,Southampton,yes,1.3472130864719518,0,0,1,1,0,0,0,0,1,0,0,0,0,0
0,2,-0.26030847353242254,-0.5345451980491797,-0.5007544611783037,-0.7040379332554565,True,Southampton,no,-0.6240080752947493,1,0,1,1,0,1,0,1,0,0,0,1,0,0
0,3,-0.18762071204492597,0.47587560314134286,-0.5007544611783037,-0.531050726819606,True,Cherbourg,no,0.0330656452941511,1,0,0,0,1,1,0,0,1,0,0,1,0,0
1,1,0.902695710267522,0.47587560314134286,-0.5007544611783037,1.135737135505492,True,Southampton,yes,0.0330656452941511,1,0,1,0,0,1,0,0,1,0,0,0,1,0
1,3,-0.6964350424574017,0.47587560314134286,0.6896894265922036,-0.47472554643263587,True,Cherbourg,yes,0.6901393658830515,1,0,0,0,1,1,0,0,1,0,0,1,0,0
0,3,-0.6237472809699052,-0.5345451980491797,-0.5007544611783037,-0.8197856321042687,True,Southampton,no,-0.6240080752947493,1,0,1,0,1,1,0,1,0,0,0,1,0,0
0,3,-0.6237472809699052,-0.5345451980491797,-0.5007544611783037,-0.45905074089271236,True,Southampton,no,-0.6240080752947493,1,0,1,0,1,1,0,1,0,0,0,1,0,0
0,1,2.283763178529956,-0.5345451980491797,-0.5007544611783037,0.2505721608711444,True,Southampton,no,-0.6240080752947493,1,0,1,0,0,1,0,1,0,0,0,0,0,1
0,2,1.9930121325799701,-0.5345451980491797,-0.5007544611783037,-0.6231046643499071,True,Queenstown,no,-0.6240080752947493,1,1,0,1,0,1,0,1,0,0,0,0,1,0
1,1,-0.6237472809699052,-0.5345451980491797,-0.5007544611783037,2.0485572268634304,False,Southampton,yes,-0.6240080752947493,0,0,1,0,0,0,1,1,0,0,0,1,0,0
0,3,-0.26030847353242254,-0.5345451980491797,-0.5007544611783037,-0.8179657272467168,True,Southampton,no,-0.6240080752947493,1,0,1,0,1,1,0,1,0,0,0,1,0,0
0,3,-0.11493295055742946,-0.5345451980491797,-0.5007544611783037,-0.8250747305965286,True,Queenstown,no,-0.6240080752947493,1,1,0,0,1,1,0,1,0,0,0,1,0,0
1,1,3.6648306467923906,-0.5345451980491797,-0.5007544611783037,0.14904246872195587,True,Southampton,yes,-0.6240080752947493,1,0,1,0,0,1,0,1,0,0,0,0,0,1
0,3,1.556885563654991,-0.5345451980491797,-0.5007544611783037,-0.8547838024418036,True,Southampton,no,-0.6240080752947493,1,0,1,0,1,1,0,1,0,0,0,0,1,0
1,1,0.1758180953925567,-0.5345451980491797,-0.5007544611783037,0.17091632518291516,True,Cherbourg,yes,-0.6240080752947493,1,0,0,0,0,1,0,1,0,0,0,1,0,0
0,1,-0.11493295055742946,-0.5345451980491797,-0.5007544611783037,-1.1633889189356015,True,Southampton,no,-0.6240080752947493,1,0,1,0,0,1,0,1,0,0,0,1,0,0
0,3,-1.4960004188198637,2.496717205522388,1.8801333143627108,0.057172271585926776,False,Southampton,no,2.661360527649753,0,0,1,0,1,0,0,0,0,1,0,0,0,0
0,2,0.10313033390506016,0.47587560314134286,0.6896894265922036,-0.015011454735238816,True,Southampton,no,0.6901393658830515,1,0,1,1,0,1,0,0,1,0,0,1,0,0
0,3,0.8300079487800255,-0.5345451980491797,5.451464977674232,0.5728484376530422,False,Southampton,no,2.661360527649753,0,0,1,0,1,0,1,0,0,1,0,0,1,0
0,3,-0.11493295055742946,0.47587560314134286,-0.5007544611783037,-0.45905074089271236,True,Southampton,no,0.0330656452941511,1,0,1,0,1,1,0,0,1,0,0,1,0,0
0,3,-2.0048147492323394,2.496717205522388,1.8801333143627108,0.057172271585926776,False,Southampton,no,2.661360527649753,0,0,1,0,1,0,0,0,0,1,0,0,0,0
1,3,-0.11493295055742946,-0.5345451980491797,-0.5007544611783037,1.3081731207585263,True,Southampton,yes,-0.6240080752947493,1,0,1,0,1,1,0,1,0,0,0,1,0,0
1,1,1.3388222791925013,0.47587560314134286,-0.5007544611783037,2.0485572268634304,True,Cherbourg,yes,0.0330656452941511,1,0,0,0,0,1,0,0,1,0,0,0,1,0
1,1,1.9203243710924736,-0.5345451980491797,-0.5007544611783037,0.38965488979250806,True,Cherbourg,yes,-0.6240080752947493,1,0,0,0,0,1,0,1,0,0,0,0,1,0
0,3,-0.11493295055742946,-0.5345451980491797,-0.5007544611783037,-0.8330936863751163,True,Southampton,no,-0.6240080752947493,1,0,1,0,1,1,0,1,0,0,0,1,0,0
1,3,-0.47837175799491216,-0.5345451980491797,-0.5007544611783037,-0.8330936863751163,False,Southampton,yes,-0.6240080752947493,0,0,1,0,1,0,1,1,0,0,0,1,0,0
1,2,-0.8418105654323949,-0.5345451980491797,0.6896894265922036,-0.15719152173147422,False,Southampton,yes,0.0330656452941511,0,0,1,1,0,0,1,0,1,0,1,0,0,0
0,3,-0.6237472809699052,-0.5345451980491797,-0.5007544611783037,-0.7944513315511856,True,Southampton,no,-0.6240080752947493,1,0,1,0,1,1,0,1,0,0,0,1,0,0
1,3,-0.11493295055742946,-0.5345451980491797,-0.5007544611783037,-0.8208793249273166,False,Queenstown,yes,-0.6240080752947493,0,1,0,0,1,0,1,1,0,0,0,1,0,0
0,3,-0.8418105654323949,-0.5345451980491797,-0.5007544611783037,-0.8680918567126511,False,Queenstown,no,-0.6240080752947493,0,1,0,0,1,0,1,1,0,0,1,0,0,0
0,2,-0.4056839965074156,1.4862964043318654,-0.5007544611783037,2.0485572268634304,True,Southampton,no,0.6901393658830515,1,0,1,1,0,1,0,0,1,0,0,1,0,0
0,3,0.1758180953925567,0.47587560314134286,0.6896894265922036,-0.48529936864586354,False,Queenstown,no,0.6901393658830515,0,1,0,0,1,0,1,0,1,0,0,1,0,0
0,2,-0.47837175799491216,-0.5345451980491797,-0.5007544611783037,-0.59466865095066,True,Southampton,no,-0.6240080752947493,1,0,1,1,0,1,0,1,0,0,0,1,0,0
0,1,2.0656998940674667,-0.5345451980491797,1.8801333143627108,2.0485572268634304,True,Cherbourg,no,0.6901393658830515,1,0,0,0,0,1,0,0,1,0,0,0,1,0
1,1,1.4841978021674944,1.4862964043318654,-0.5007544611783037,2.0485572268634304,True,Southampton,yes,0.6901393658830515,1,0,1,0,0,1,0,0,1,0,0,0,1,0
0,3,0.757320187292529,-0.5345451980491797,-0.5007544611783037,-0.8473116930747399,True,Cherbourg,no,-0.6240080752947493,1,0,0,0,1,1,0,1,0,0,0,0,1,0
0,1,1.2661345177050047,-0.5345451980491797,-0.5007544611783037,-0.04399431454600994,True,Southampton,no,-0.6240080752947493,1,0,1,0,0,1,0,1,0,0,0,0,1,0
0,3,0.46656914134254285,-0.5345451980491797,-0.5007544611783037,-0.8354648124154843,True,Southampton,no,-0.6240080752947493,1,0,1,0,1,1,0,1,0,0,0,0,1,0
1,3,-0.6964350424574017,0.47587560314134286,-0.5007544611783037,-0.8166882940293968,True,Southampton,yes,0.0330656452941511,1,0,1,0,1,1,0,0,1,0,0,1,0,0
0,2,0.1758180953925567,1.4862964043318654,-0.5007544611783037,2.0485572268634304,True,Southampton,no,0.6901393658830515,1,0,1,1,0,1,0,0,1,0,0,1,0,0
0,3,-0.11493295055742946,-0.5345451980491797,-0.5007544611783037,-0.8232504509676845,True,Southampton,no,-0.6240080752947493,1,0,1,0,1,1,0,1,0,0,0,1,0,0
0,3,0.9753834717550186,-0.5345451980491797,-0.5007544611783037,-0.811219829914157,True,Southampton,no,-0.6240080752947493,1,0,1,0,1,1,0,1,0,0,0,0,1,0
1,1,-0.11493295055742946,0.47587560314134286,-0.5007544611783037,1.1114921530041646,False,Southampton,yes,0.0330656452941511,0,0,1,0,0,0,1,0,1,0,0,1,0,0
1,2,0.757320187292529,0.47587560314134286,0.6896894265922036,0.5427718850192231,False,Southampton,yes,0.6901393658830515,0,0,1,1,0,0,1,0,1,0,0,0,1,0
0,1,0.10313033390506016,0.47587560314134286,-0.5007544611783037,1.1114921530041646,True,Southampton,no,0.0330656452941511,1,0,1,0,0,1,0,0,1,0,0,1,0,0
0,2,2.9379530319174254,-0.5345451980491797,-0.5007544611783037,-0.7040379332554565,True,Southampton,no,-0.6240080752947493,1,0,1,1,0,1,0,1,0,0,0,0,0,1
1,2,0.10313033390506016,-0.5345451980491797,-0.5007544611783037,-0.59466865095066,True,Southampton,yes,-0.6240080752947493,1,0,1,1,0,1,0,1,0,0,0,1,0,0
0,3,-0.8418105654323949,-0.5345451980491797,-0.5007544611783037,-0.8232504509676845,True,Southampton,no,-0.6240080752947493,1,0,1,0,1,1,0,1,0,0,1,0,0,0
0,3,-0.3693401157636673,-0.5345451980491797,-0.5007544611783037,-0.811219829914157,True,Southampton,no,-0.6240080752947493,1,0,1,0,1,1,0,1,0,0,0,1,0,0
1,3,-0.8418105654323949,-0.5345451980491797,-0.5007544611783037,-0.7328370526719555,False,Southampton,yes,-0.6240080752947493,0,0,1,0,1,0,1,1,0,0,1,0,0,0
0,3,0.9753834717550186,0.47587560314134286,6.641908865444739,0.8883788171023798,False,Southampton,no,3.9755079688275536,0,0,1,0,1,0,1,0,0,1,0,0,1,0
1,1,0.46656914134254285,-0.5345451980491797,0.6896894265922036,2.0485572268634304,True,Cherbourg,yes,0.0330656452941511,1,0,0,0,0,1,0,0,1,0,0,0,1,0
0,3,-0.11493295055742946,-0.5345451980491797,-0.5007544611783037,-0.8073919050334891,False,Queenstown,no,-0.6240080752947493,0,1,0,0,1,0,1,1,0,0,0,1,0,0
1,1,-0.18762071204492597,-0.5345451980491797,-0.5007544611783037,2.0485572268634304,True,Cherbourg,yes,-0.6240080752947493,1,0,0,0,0,1,0,1,0,0,0,1,0,0
0,3,-0.6964350424574017,-0.5345451980491797,-0.5007544611783037,-0.7598162672309028,True,Southampton,no,-0.6240080752947493,1,0,1,0,1,1,0,1,0,0,0,1,0,0
0,3,-1.1325616113823809,4.517558807903433,1.8801333143627108,0.8883788171023798,False,Southampton,no,3.9755079688275536,1,0,1,0,1,0,0,0,0,1,1,0,0,0
0,2,2.21107541704246,0.47587560314134286,0.6896894265922036,0.5427718850192231,True,Southampton,no,0.6901393658830515,1,0,1,1,0,1,0,0,1,0,0,0,1,0
0,2,-0.33299623501991904,0.47587560314134286,1.8801333143627108,0.6556059861874355,True,Cherbourg,no,1.3472130864719518,1,0,0,1,0,1,0,0,1,0,0,1,0,0
0,3,-1.1325616113823809,3.50713800671291,0.6896894265922036,0.5728484376530422,False,Southampton,no,2.661360527649753,1,0,1,0,1,0,0,0,0,1,1,0,0,0
0,3,-0.7691228039448983,-0.5345451980491797,-0.5007544611783037,-0.718439680349352,True,Southampton,no,-0.6240080752947493,1,0,1,0,1,1,0,1,0,0,0,1,0,0
0,3,-0.8418105654323949,-0.5345451980491797,-0.5007544611783037,-0.8223404985389087,True,Southampton,no,-0.6240080752947493,1,0,1,0,1,1,0,1,0,0,1,0,0,0
1,1,-1.0598738498948845,-0.5345451980491797,0.6896894265922036,2.0485572268634304,False,Southampton,yes,0.0330656452941511,0,0,1,0,0,0,0,0,1,0,1,0,0,0
1,1,0.10313033390506016,0.47587560314134286,-0.5007544611783037,1.3302307176137576,True,Southampton,yes,0.0330656452941511,1,0,1,0,0,1,0,0,1,0,0,1,0,0
1,3,-1.8594392262573463,-0.5345451980491797,0.6896894265922036,-0.5764389789760965,False,Cherbourg,yes,0.0330656452941511,0,0,0,0,1,0,0,0,1,0,0,0,0,0
0,3,-0.33299623501991904,-0.5345451980491797,-0.5007544611783037,-0.8473116930747399,True,Cherbourg,no,-0.6240080752947493,1,0,0,0,1,1,0,1,0,0,0,1,0,0
0,1,2.21107541704246,-0.5345451980491797,-0.5007544611783037,-0.001887140858663212,True,Southampton,no,-0.6240080752947493,1,0,1,0,0,1,0,1,0,0,0,0,1,0
0,2,1.6295733251424873,-0.5345451980491797,-0.5007544611783037,-0.5727947944897007,True,Southampton,no,-0.6240080752947493,1,0,1,1,0,1,0,1,0,0,0,0,1,0
1,3,-0.11493295055742946,-0.5345451980491797,-0.5007544611783037,-0.8250747305965286,False,Queenstown,yes,-0.6240080752947493,0,1,0,0,1,0,1,1,0,0,0,1,0,0
0,1,1.4115100406799979,0.47587560314134286,0.6896894265922036,2.0485572268634304,True,Cherbourg,no,0.6901393658830515,1,0,0,0,0,1,0,0,1,0,0,0,1,0
0,3,0.902695710267522,-0.5345451980491797,-0.5007544611783037,-0.8287189150829243,True,Southampton,no,-0.6240080752947493,1,0,1,0,1,1,0,1,0,0,0,0,1,0
1,1,-0.8418105654323949,0.47587560314134286,-0.5007544611783037,2.0485572268634304,False,Cherbourg,yes,0.0330656452941511,0,0,0,0,0,0,1,0,1,0,1,0,0,0
1,1,0.3938813798550463,-0.5345451980491797,-0.5007544611783037,-0.013370915500666809,True,Southampton,yes,-0.6240080752947493,1,0,1,0,0,1,0,1,0,0,0,1,0,0
0,3,-0.8418105654323949,-0.5345451980491797,0.6896894265922036,-0.531050726819606,False,Cherbourg,no,0.0330656452941511,0,0,0,0,1,0,1,0,1,0,1,0,0,0
0,3,-0.33299623501991904,-0.5345451980491797,-0.5007544611783037,-0.8247072498079846,True,Queenstown,no,-0.6240080752947493,1,1,0,0,1,1,0,1,0,0,0,1,0,0
0,3,-0.26030847353242254,0.47587560314134286,-0.5007544611783037,-0.8197856321042687,True,Southampton,no,0.0330656452941511,1,0,1,0,1,1,0,0,1,0,0,1,0,0
0,2,0.6846324258050325,-0.5345451980491797,-0.5007544611783037,-0.025948382965718463,True,Southampton,no,-0.6240080752947493,1,0,1,1,0,1,0,1,0,0,0,0,1,0
1,2,1.1207589947300116,-0.5345451980491797,-0.5007544611783037,-0.5727947944897007,False,Southampton,yes,-0.6240080752947493,0,0,1,1,0,0,1,1,0,0,0,0,1,0
1,1,0.902695710267522,-0.5345451980491797,-0.5007544611783037,-0.013370915500666809,True,Southampton,yes,-0.6240080752947493,1,0,1,0,0,1,0,1,0,0,0,0,1,0
1,1,-0.5510595194824087,-0.5345451980491797,-0.5007544611783037,2.0485572268634304,False,Southampton,yes,-0.6240080752947493,0,0,1,0,0,0,1,1,0,0,0,1,0,0
1,1,-0.4056839965074156,-0.5345451980491797,-0.5007544611783037,1.00230661109364,False,Cherbourg,yes,-0.6240080752947493,0,0,0,0,0,0,1,1,0,0,0,1,0,0
0,1,-0.11493295055742946,-0.5345451980491797,-0.5007544611783037,-0.001887140858663212,True,Southampton,no,-0.6240080752947493,1,0,1,0,0,1,0,1,0,0,0,1,0,0
1,1,1.3388222791925013,0.47587560314134286,-0.5007544611783037,1.1114921530041646,True,Southampton,yes,0.0330656452941511,1,0,1,0,0,1,0,0,1,0,0,0,1,0
0,3,-0.042245189069932916,-0.5345451980491797,-0.5007544611783037,-0.748516232983171,True,Southampton,no,-0.6240080752947493,1,0,1,0,1,1,0,1,0,0,0,1,0,0
0,2,1.6295733251424873,-0.5345451980491797,-0.5007544611783037,-0.59466865095066,True,Southampton,no,-0.6240080752947493,1,0,1,1,0,1,0,1,0,0,0,0,1,0
0,3,-0.7691228039448983,-0.5345451980491797,-0.5007544611783037,-0.8287189150829243,True,Southampton,no,-0.6240080752947493,1,0,1,0,1,1,0,1,0,0,0,1,0,0
1,1,0.6119446643175359,-0.5345451980491797,-0.5007544611783037,2.0485572268634304,False,Cherbourg,yes,-0.6240080752947493,0,0,0,0,0,0,1,1,0,0,0,0,1,0
1,2,-0.18762071204492597,-0.5345451980491797,-0.5007544611783037,-0.7040379332554565,False,Southampton,yes,-0.6240080752947493,0,0,1,1,0,0,1,1,0,0,0,1,0,0
0,3,-0.11493295055742946,-0.5345451980491797,-0.5007544611783037,-0.48529936864586354,True,Queenstown,no,-0.6240080752947493,1,1,0,0,1,1,0,1,0,0,0,1,0,0
0,3,0.24850585688005322,-0.5345451980491797,-0.5007544611783037,-0.8232504509676845,True,Southampton,no,-0.6240080752947493,1,0,1,0,1,1,0,1,0,0,0,1,0,0
1,2,-1.7140637032823534,-0.5345451980491797,0.6896894265922036,0.2802856074877116,False,Southampton,yes,0.0330656452941511,0,0,1,1,0,0,0,0,1,0,0,0,0,0
0,3,-0.9144983269198913,0.47587560314134286,-0.5007544611783037,-0.8547838024418036,True,Southampton,no,0.0330656452941511,1,0,1,0,1,1,0,0,1,0,1,0,0,0
0,2,0.3211936183675498,-0.5345451980491797,-0.5007544611783037,-0.59466865095066,True,Southampton,no,-0.6240080752947493,1,0,1,1,0,1,0,1,0,0,0,1,0,0
0,2,1.4841978021674944,-0.5345451980491797,-0.5007544611783037,-0.59466865095066,True,Southampton,no,-0.6240080752947493,1,0,1,1,0,1,0,1,0,0,0,0,1,0
1,1,-0.18762071204492597,0.47587560314134286,-0.5007544611783037,1.1596146372182752,True,Southampton,yes,0.0330656452941511,1,0,1,0,0,1,0,0,1,0,0,1,0,0
0,3,-0.6964350424574017,-0.5345451980491797,-0.5007544611783037,-0.784424355749482,True,Southampton,no,-0.6240080752947493,1,0,1,0,1,1,0,1,0,0,0,1,0,0
1,2,0.03044257241756362,2.496717205522388,-0.5007544611783037,-0.24468694757531137,False,Southampton,yes,1.3472130864719518,0,0,1,1,0,0,1,0,1,0,0,1,0,0
1,3,-0.11493295055742946,-0.5345451980491797,-0.5007544611783037,-0.8248909902022565,False,Queenstown,yes,-0.6240080752947493,0,1,0,0,1,0,1,1,0,0,0,1,0,0
0,2,-0.33299623501991904,0.47587560314134286,-0.5007544611783037,-0.025948382965718463,True,Southampton,no,0.0330656452941511,1,0,1,1,0,1,0,0,1,0,0,1,0,0
0,3,-0.33299623501991904,0.47587560314134286,-0.5007544611783037,-0.8166882940293968,False,Southampton,no,0.0330656452941511,0,0,1,0,1,0,1,0,1,0,0,1,0,0
1,1,-0.042245189069932916,-0.5345451980491797,-0.5007544611783037,2.0485572268634304,False,Southampton,yes,-0.6240080752947493,0,0,1,0,0,0,1,1,0,0,0,1,0,0
0,3,-1.3506248958448706,-0.5345451980491797,-0.5007544611783037,-0.34147876241505615,False,Cherbourg,no,-0.6240080752947493,1,0,0,0,1,0,0,1,0,0,0,0,0,0
0,3,-0.07858906981368119,-0.5345451980491797,-0.5007544611783037,-0.45905074089271236,True,Southampton,no,-0.6240080752947493,1,0,1,0,1,1,0,1,0,0,0,1,0,0
0,3,1.3388222791925013,0.47587560314134286,3.070577202133218,0.34043871275534965,False,Southampton,no,2.0042868070608524,0,0,1,0,1,0,1,0,0,1,0,0,1,0
1,1,0.3938813798550463,-0.5345451980491797,-0.5007544611783037,2.0485572268634304,True,Cherbourg,yes,-0.6240080752947493,1,0,0,0,0,1,0,1,0,0,0,1,0,0
1,1,-0.11493295055742946,-0.5345451980491797,-0.5007544611783037,0.14904246872195587,True,Southampton,yes,-0.6240080752947493,1,0,1,0,0,1,0,1,0,0,0,1,0,0
0,1,0.46656914134254285,0.47587560314134286,-0.5007544611783037,2.0485572268634304,True,Southampton,no,0.0330656452941511,1,0,1,0,0,1,0,0,1,0,0,0,1,0
1,1,-0.6237472809699052,1.4862964043318654,1.8801333143627108,2.0485572268634304,False,Cherbourg,yes,2.0042868070608524,0,0,0,0,0,0,1,0,0,1,0,1,0,0
0,3,-0.4056839965074156,0.47587560314134286,-0.5007544611783037,-0.45905074089271236,True,Southampton,no,0.0330656452941511,1,0,1,0,1,1,0,0,1,0,0,1,0,0
1,3,0.10313033390506016,-0.5345451980491797,-0.5007544611783037,-0.8166882940293968,True,Southampton,yes,-0.6240080752947493,1,0,1,0,1,1,0,1,0,0,0,1,0,0
0,1,2.9379530319174254,0.47587560314134286,0.6896894265922036,1.9426986985206176,True,Southampton,no,0.6901393658830515,1,0,1,0,0,1,0,0,1,0,0,0,0,1
0,3,-0.9871860884073879,0.47587560314134286,0.6896894265922036,-0.2774977322667503,True,Southampton,no,0.6901393658830515,1,0,1,0,1,1,0,0,1,0,1,0,0,0
1,2,0.03044257241756362,-0.5345451980491797,-0.5007544611783037,-0.59466865095066,False,Southampton,yes,-0.6240080752947493,0,0,1,1,0,0,1,1,0,0,0,1,0,0
0,1,-0.7691228039448983,0.47587560314134286,-0.5007544611783037,1.1596146372182752,True,Southampton,no,0.0330656452941511,1,0,1,0,0,1,0,0,1,0,0,1,0,0
0,3,0.10313033390506016,-0.5345451980491797,-0.5007544611783037,-0.8243441437907325,True,Queenstown,no,-0.6240080752947493,1,1,0,0,1,1,0,1,0,0,0,1,0,0
1,2,-1.8594392262573463,0.47587560314134286,0.6896894265922036,-0.15719152173147422,False,Southampton,yes,0.6901393658830515,0,0,1,1,0,0,0,0,1,0,0,0,0,0
1,3,-1.7140637032823534,-0.5345451980491797,0.6896894265922036,-0.6176362002346673,False,Southampton,yes,0.0330656452941511,1,0,1,0,1,0,0,0,1,0,0,0,0,0
0,3,0.24850585688005322,-0.5345451980491797,-0.5007544611783037,-0.7477856461773751,True,Southampton,no,-0.6240080752947493,1,0,1,0,1,1,0,1,0,0,0,1,0,0
0,3,-0.47837175799491216,-0.5345451980491797,-0.5007544611783037,-0.8179657272467168,True,Southampton,no,-0.6240080752947493,1,0,1,0,1,1,0,1,0,0,0,1,0,0
1,2,1.3388222791925013,0.47587560314134286,1.8801333143627108,1.680212420989106,False,Southampton,yes,1.3472130864719518,0,0,1,1,0,0,1,0,1,0,0,0,1,0
1,2,-2.1014894720107096,0.47587560314134286,0.6896894265922036,-0.5290470815677821,False,Southampton,yes,0.6901393658830515,1,0,1,1,0,0,0,0,1,0,0,0,0,0
0,3,-0.11493295055742946,-0.5345451980491797,-0.5007544611783037,-0.8223404985389087,True,Southampton,no,-0.6240080752947493,1,0,1,0,1,1,0,1,0,0,0,1,0,0
1,1,0.24850585688005322,-0.5345451980491797,-0.5007544611783037,2.0485572268634304,False,Southampton,yes,-0.6240080752947493,0,0,1,0,0,0,1,1,0,0,0,1,0,0
0,3,0.8300079487800255,-0.5345451980491797,-0.5007544611783037,-0.8516864643669316,True,Southampton,no,-0.6240080752947493,1,0,1,0,1,1,0,1,0,0,0,0,1,0
1,3,-0.6964350424574017,-0.5345451980491797,-0.5007544611783037,-0.8471279526804678,True,Cherbourg,yes,-0.6240080752947493,1,0,0,0,1,1,0,1,0,0,0,1,0,0
1,1,0.46656914134254285,0.47587560314134286,1.8801333143627108,2.0485572268634304,False,Southampton,yes,1.3472130864719518,0,0,1,0,0,0,1,0,1,0,0,0,1,0
0,3,-0.9871860884073879,-0.5345451980491797,-0.5007544611783037,-0.8232504509676845,True,Southampton,no,-0.6240080752947493,1,0,1,0,1,1,0,1,0,0,1,0,0,0
1,1,1.556885563654991,0.47587560314134286,-0.5007544611783037,2.0485572268634304,False,Southampton,yes,0.0330656452941511,0,0,1,0,0,0,1,0,1,0,0,0,1,0
0,1,-0.11493295055742946,-0.5345451980491797,-0.5007544611783037,0.5690205127723743,True,Cherbourg,no,-0.6240080752947493,1,0,0,0,0,1,0,1,0,0,0,1,0,0
0,3,0.06678645316131189,-0.5345451980491797,-0.5007544611783037,-0.8243441437907325,False,Queenstown,no,-0.6240080752947493,0,1,0,0,1,0,1,1,0,0,0,1,0,0
0,3,-0.11493295055742946,0.47587560314134286,-0.5007544611783037,-0.1068816518712679,True,Queenstown,no,0.0330656452941511,1,1,0,0,1,1,0,0,1,0,0,1,0,0
0,3,0.1758180953925567,-0.5345451980491797,-0.5007544611783037,-0.7975486696260574,True,Southampton,no,-0.6240080752947493,1,0,1,0,1,1,0,1,0,0,0,1,0,0
0,3,-0.4056839965074156,-0.5345451980491797,-0.5007544611783037,-0.7477856461773751,True,Southampton,no,-0.6240080752947493,1,0,1,0,1,1,0,1,0,0,0,1,0,0
0,3,1.3388222791925013,-0.5345451980491797,-0.5007544611783037,-0.8197856321042687,True,Southampton,no,-0.6240080752947493,1,0,1,0,1,1,0,1,0,0,0,0,1,0
0,2,1.9930121325799701,-0.5345451980491797,-0.5007544611783037,-0.7040379332554565,False,Southampton,no,-0.6240080752947493,0,0,1,1,0,0,1,1,0,0,0,0,1,0
1,2,1.7749488481174804,0.47587560314134286,3.070577202133218,-0.15719152173147422,False,Southampton,yes,2.0042868070608524,0,0,1,1,0,0,1,0,0,1,0,0,1,0
0,3,-0.8418105654323949,-0.5345451980491797,-0.5007544611783037,-0.8243441437907325,True,Southampton,no,-0.6240080752947493,1,0,1,0,1,1,0,1,0,0,1,0,0,0
1,3,-1.7867514647698497,-0.5345451980491797,-0.5007544611783037,-0.6176362002346673,False,Southampton,yes,-0.6240080752947493,0,0,1,0,1,0,0,1,0,0,0,0,0,0
0,3,-0.11493295055742946,-0.5345451980491797,-0.5007544611783037,-0.8248909902022565,True,Queenstown,no,-0.6240080752947493,1,1,0,0,1,1,0,1,0,0,0,1,0,0
1,1,0.9753834717550186,-0.5345451980491797,0.6896894265922036,2.0485572268634304,False,Southampton,yes,0.0330656452941511,0,0,1,0,0,0,1,0,1,0,0,0,1,0
1,3,-1.2052493728698774,-0.5345451980491797,-0.5007544611783037,-0.8471279526804678,False,Cherbourg,yes,-0.6240080752947493,0,0,0,0,1,0,0,1,0,0,1,0,0,0
1,1,-0.9144983269198913,0.47587560314134286,-0.5007544611783037,1.3302307176137576,False,Southampton,yes,0.0330656452941511,0,0,1,0,0,0,1,0,1,0,1,0,0,0
0,1,-0.042245189069932916,-0.5345451980491797,-0.5007544611783037,0.14904246872195587,True,Southampton,no,-0.6240080752947493,1,0,1,0,0,1,0,1,0,0,0,1,0,0
0,3,-0.11493295055742946,0.47587560314134286,1.8801333143627108,-0.1375050509166109,True,Southampton,no,1.3472130864719518,1,0,1,0,1,1,0,0,1,0,0,1,0,0
0,3,-0.33299623501991904,-0.5345451980491797,-0.5007544611783037,-0.8549675428360756,True,Southampton,no,-0.6240080752947493,1,0,1,0,1,1,0,1,0,0,0,1,0,0
0,3,-0.33299623501991904,-0.5345451980491797,-0.5007544611783037,-0.8462180002516918,True,Southampton,no,-0.6240080752947493,1,0,1,0,1,1,0,1,0,0,0,1,0,0
1,3,-0.8418105654323949,-0.5345451980491797,-0.5007544611783037,-0.8354648124154843,False,Southampton,yes,-0.6240080752947493,0,0,1,0,1,0,1,1,0,0,1,0,0,0
0,3,-1.5686881803073602,3.50713800671291,0.6896894265922036,0.1107632199152771,False,Queenstown,no,2.661360527649753,1,1,0,0,1,0,0,0,0,1,0,0,0,0
1,3,-2.0775025107198357,0.47587560314134286,1.8801333143627108,-0.2632797255671268,False,Southampton,yes,1.3472130864719518,1,0,1,0,1,0,0,0,1,0,0,0,0,0
0,1,1.1934467562175082,-0.5345451980491797,-0.5007544611783037,2.0485572268634304,True,Cherbourg,no,-0.6240080752947493,1,0,0,0,0,1,0,1,0,0,0,0,1,0
0,2,-0.9871860884073879,-0.5345451980491797,-0.5007544611783037,-0.025948382965718463,True,Southampton,no,-0.6240080752947493,1,0,1,1,0,1,0,1,0,0,1,0,0,0
0,1,-0.11493295055742946,-0.5345451980491797,-0.5007544611783037,0.17948212737302674,True,Cherbourg,no,-0.6240080752947493,1,0,0,0,0,1,0,1,0,0,0,1,0,0
0,3,-0.33299623501991904,-0.5345451980491797,-0.5007544611783037,-0.8179657272467168,True,Southampton,no,-0.6240080752947493,1,0,1,0,1,1,0,1,0,0,0,1,0,0
0,2,0.6846324258050325,-0.5345451980491797,-0.5007544611783037,-0.59466865095066,True,Southampton,no,-0.6240080752947493,1,0,1,1,0,1,0,1,0,0,0,0,1,0
1,1,1.4115100406799979,-0.5345451980491797,-0.5007544611783037,-0.02904572104059023,False,Southampton,yes,-0.6240080752947493,0,0,1,0,0,0,1,1,0,0,0,0,1,0
1,3,0.10313033390506016,-0.5345451980491797,-0.5007544611783037,-0.783514403320706,False,Southampton,yes,-0.6240080752947493,0,0,1,0,1,0,1,1,0,0,0,1,0,0
0,3,0.03044257241756362,-0.5345451980491797,-0.5007544611783037,-0.8471279526804678,True,Cherbourg,no,-0.6240080752947493,1,0,0,0,1,1,0,1,0,0,0,1,0,0
0,3,0.03044257241756362,0.47587560314134286,0.6896894265922036,-0.1068816518712679,False,Southampton,no,0.6901393658830515,0,0,1,0,1,0,1,0,1,0,0,1,0,0
1,2,0.10313033390506016,0.47587560314134286,0.6896894265922036,-0.015011454735238816,False,Southampton,yes,0.6901393658830515,0,0,1,1,0,0,1,0,1,0,0,1,0,0
1,1,-1.3506248958448706,0.47587560314134286,1.8801333143627108,2.0485572268634304,False,Southampton,yes,1.3472130864719518,1,0,1,0,0,0,0,0,1,0,0,0,0,0
1,3,-2.119661412382584,-0.5345451980491797,0.6896894265922036,-0.7908027722934976,False,Cherbourg,yes,0.0330656452941511,1,0,0,0,1,0,0,0,1,0,0,0,0,0
1,3,-0.18762071204492597,-0.5345451980491797,-0.5007544611783037,-0.8582486213052195,True,Southampton,yes,-0.6240080752947493,1,0,1,0,1,1,0,1,0,0,0,1,0,0
0,3,0.10313033390506016,-0.5345451980491797,-0.5007544611783037,-0.8232504509676845,True,Southampton,no,-0.6240080752947493,1,0,1,0,1,1,0,1,0,0,0,1,0,0
0,1,0.6846324258050325,-0.5345451980491797,-0.5007544611783037,-1.1633889189356015,True,Southampton,no,-0.6240080752947493,1,0,1,0,0,1,0,1,0,0,0,0,1,0
0,3,-0.8418105654323949,-0.5345451980491797,-0.5007544611783037,-0.8232504509676845,False,Southampton,no,-0.6240080752947493,0,0,1,0,1,0,1,1,0,0,1,0,0,0
1,1,0.24850585688005322,0.47587560314134286,-0.5007544611783037,1.1596146372182752,False,Southampton,yes,0.0330656452941511,0,0,1,0,0,0,1,0,1,0,0,1,0,0
0,3,-0.26030847353242254,-0.5345451980491797,-0.5007544611783037,-0.8183288332639688,True,Southampton,no,-0.6240080752947493,1,0,1,0,1,1,0,1,0,0,0,1,0,0
0,3,0.6846324258050325,-0.5345451980491797,-0.5007544611783037,-0.1068816518712679,True,Southampton,no,-0.6240080752947493,1,0,1,0,1,1,0,1,0,0,0,0,1,0
0,2,0.3938813798550463,-0.5345451980491797,-0.5007544611783037,-0.7040379332554565,True,Southampton,no,-0.6240080752947493,1,0,1,1,0,1,0,1,0,0,0,1,0,0
0,3,-1.7140637032823534,3.50713800671291,1.8801333143627108,0.204820802697402,False,Southampton,no,3.3184342482386535,0,0,1,0,1,0,0,0,0,1,0,0,0,0
0,3,0.06678645316131189,-0.5345451980491797,-0.5007544611783037,-0.811219829914157,True,Southampton,no,-0.6240080752947493,1,0,1,0,1,1,0,1,0,0,0,1,0,0
0,3,-0.47837175799491216,-0.5345451980491797,-0.5007544611783037,-0.8166882940293968,False,Southampton,no,-0.6240080752947493,0,0,1,0,1,0,1,1,0,0,0,1,0,0
0,2,0.10313033390506016,0.47587560314134286,0.6896894265922036,0.4554601995696579,True,Cherbourg,no,0.6901393658830515,1,0,0,1,0,1,0,0,1,0,0,1,0,0
0,3,0.9753834717550186,-0.5345451980491797,-0.5007544611783037,-0.8812161705892267,True,Southampton,no,-0.6240080752947493,1,0,1,0,1,1,0,1,0,0,0,0,1,0
0,3,-1.4233126573323671,2.496717205522388,1.8801333143627108,0.057172271585926776,False,Southampton,no,2.661360527649753,1,0,1,0,1,0,0,0,0,1,0,0,0,0
1,1,1.6295733251424873,0.47587560314134286,0.6896894265922036,2.0485572268634304,False,Southampton,yes,0.6901393658830515,0,0,1,0,0,0,1,0,1,0,0,0,1,0
1,3,-0.18762071204492597,-0.5345451980491797,-0.5007544611783037,-0.784424355749482,True,Southampton,yes,-0.6240080752947493,1,0,1,0,1,1,0,1,0,0,0,1,0,0
0,1,0.6119446643175359,-0.5345451980491797,-0.5007544611783037,-1.1633889189356015,True,Southampton,no,-0.6240080752947493,1,0,1,0,0,1,0,1,0,0,0,0,1,0
1,3,-0.18762071204492597,-0.5345451980491797,0.6896894265922036,-0.6176362002346673,False,Southampton,yes,0.0330656452941511,0,0,1,0,1,0,1,0,1,0,0,1,0,0
0,3,-2.0048147492323394,3.50713800671291,0.6896894265922036,0.5728484376530422,False,Southampton,no,2.661360527649753,1,0,1,0,1,0,0,0,0,1,0,0,0,0
0,3,-0.11493295055742946,-0.5345451980491797,-0.5007544611783037,-0.8593423141282674,True,Queenstown,no,-0.6240080752947493,1,1,0,0,1,1,0,1,0,0,0,1,0,0
1,2,-2.0775025107198357,-0.5345451980491797,1.8801333143627108,0.4554601995696579,False,Cherbourg,yes,0.6901393658830515,1,0,0,1,0,0,0,0,1,0,0,0,0,0
1,3,-0.11493295055742946,-0.5345451980491797,-0.5007544611783037,-0.8243441437907325,True,Queenstown,yes,-0.6240080752947493,1,1,0,0,1,1,0,1,0,0,0,1,0,0
1,1,2.356450940017453,-0.5345451980491797,-0.5007544611783037,2.0485572268634304,False,,yes,-0.6240080752947493,0,0,1,0,0,0,1,1,0,0,0,0,0,1
1,3,-1.0598738498948845,0.47587560314134286,-0.5007544611783037,-0.531050726819606,False,Cherbourg,yes,0.0330656452941511,0,0,0,0,1,0,0,0,1,0,1,0,0,0
1,2,-2.0898594301727105,0.47587560314134286,0.6896894265922036,-0.3431193016496282,False,Southampton,yes,0.6901393658830515,1,0,1,1,0,0,0,0,1,0,0,0,0,0
0,3,-0.47837175799491216,-0.5345451980491797,-0.5007544611783037,-0.8197856321042687,True,Southampton,no,-0.6240080752947493,1,0,1,0,1,1,0,1,0,0,0,1,0,0
0,3,-0.8418105654323949,-0.5345451980491797,-0.5007544611783037,-0.8002829016836773,True,Southampton,no,-0.6240080752947493,1,0,1,0,1,1,0,1,0,0,1,0,0,0
1,1,0.6846324258050325,0.47587560314134286,0.6896894265922036,2.0485572268634304,False,Cherbourg,yes,0.6901393658830515,0,0,0,0,0,0,1,0,1,0,0,0,1,0
0,3,-0.6237472809699052,-0.5345451980491797,-0.5007544611783037,-0.784424355749482,True,Southampton,no,-0.6240080752947493,1,0,1,0,1,1,0,1,0,0,0,1,0,0
1,1,-0.11493295055742946,-0.5345451980491797,-0.5007544611783037,0.13591815484538025,True,Cherbourg,yes,-0.6240080752947493,1,0,0,0,0,1,0,1,0,0,0,1,0,0
0,3,-0.6964350424574017,-0.5345451980491797,-0.5007544611783037,-0.8166882940293968,True,Southampton,no,-0.6240080752947493,1,0,1,0,1,1,0,1,0,0,0,1,0,0
0,2,-0.9871860884073879,-0.5345451980491797,-0.5007544611783037,-0.7040379332554565,True,Southampton,no,-0.6240080752947493,1,0,1,1,0,1,0,1,0,0,1,0,0,0
1,1,0.03044257241756362,-0.5345451980491797,-0.5007544611783037,0.19279018164387443,False,Cherbourg,yes,-0.6240080752947493,0,0,0,0,0,0,1,1,0,0,0,1,0,0
0,3,0.35753749911129806,-0.5345451980491797,-0.5007544611783037,-0.8817630170007507,True,Cherbourg,no,-0.6240080752947493,1,0,0,0,1,1,0,1,0,0,0,1,0,0
0,3,0.902695710267522,-0.5345451980491797,-0.5007544611783037,-0.8330936863751163,True,Southampton,no,-0.6240080752947493,1,0,1,0,1,1,0,1,0,0,0,0,1,0
0,3,0.3938813798550463,-0.5345451980491797,-0.5007544611783037,-0.8179657272467168,True,Cherbourg,no,-0.6240080752947493,1,0,0,0,1,1,0,1,0,0,0,1,0,0
0,2,-0.11493295055742946,-0.5345451980491797,0.6896894265922036,0.2802856074877116,True,Southampton,no,0.0330656452941511,1,0,1,1,0,1,0,0,1,0,0,1,0,0
1,1,-0.11493295055742946,0.47587560314134286,-0.5007544611783037,2.0485572268634304,False,Cherbourg,yes,0.0330656452941511,0,0,0,0,0,0,1,0,1,0,0,1,0,0
0,3,-1.8594392262573463,3.50713800671291,1.8801333143627108,0.204820802697402,False,Southampton,no,3.3184342482386535,1,0,1,0,1,0,0,0,0,1,0,0,0,0
0,3,3.2287040778674116,-0.5345451980491797,-0.5007544611783037,-0.8232504509676845,True,Southampton,no,-0.6240080752947493,1,0,1,0,1,1,0,1,0,0,0,0,0,1
0,3,-1.4960004188198637,0.47587560314134286,0.6896894265922036,-0.4964200372706153,False,Cherbourg,no,0.6901393658830515,0,0,0,0,1,0,0,0,1,0,0,0,0,0
1,1,-0.9871860884073879,-0.5345451980491797,0.6896894265922036,0.5602709701879904,False,Southampton,yes,0.0330656452941511,0,0,1,0,0,0,1,0,1,0,1,0,0,0
0,2,1.048071233242515,0.47587560314134286,-0.5007544611783037,-0.025948382965718463,False,Southampton,no,0.0330656452941511,0,0,1,1,0,0,1,0,1,0,0,0,1,0
1,3,-0.8418105654323949,-0.5345451980491797,0.6896894265922036,-0.754347803115663,False,Southampton,yes,0.0330656452941511,0,0,1,0,1,0,1,0,1,0,1,0,0,0
1,1,1.1207589947300116,0.47587560314134286,0.6896894265922036,2.0485572268634304,False,Southampton,yes,0.6901393658830515,0,0,1,0,0,0,1,0,1,0,0,0,1,0
1,1,1.556885563654991,-0.5345451980491797,-0.5007544611783037,-0.001887140858663212,True,Southampton,yes,-0.6240080752947493,1,0,1,0,0,1,0,1,0,0,0,0,1,0
1,3,-0.4056839965074156,-0.5345451980491797,3.070577202133218,-0.320882339171417,False,Cherbourg,yes,1.3472130864719518,0,0,0,0,1,0,1,0,1,0,0,1,0,0
0,3,0.8300079487800255,1.4862964043318654,-0.5007544611783037,-0.5461830607192977,True,Southampton,no,0.6901393658830515,1,0,1,0,1,1,0,0,1,0,0,0,1,0
0,2,-0.6237472809699052,0.47587560314134286,-0.5007544611783037,-0.6602902203335379,True,Southampton,no,0.0330656452941511,1,0,1,1,0,1,0,0,1,0,0,1,0,0
1,1,1.3388222791925013,-0.5345451980491797,-0.5007544611783037,-0.02904572104059023,False,Southampton,yes,-0.6240080752947493,0,0,1,0,0,0,1,1,0,0,0,0,1,0
0,2,-0.4056839965074156,-0.5345451980491797,-0.5007544611783037,-0.59466865095066,True,Southampton,no,-0.6240080752947493,1,0,1,1,0,1,0,1,0,0,0,1,0,0
1,2,0.902695710267522,-0.5345451980491797,-0.5007544611783037,-0.59466865095066,False,Southampton,yes,-0.6240080752947493,0,0,1,1,0,0,1,1,0,0,0,0,1,0
1,2,-0.18762071204492597,0.47587560314134286,-0.5007544611783037,-0.5571199889497773,False,Cherbourg,yes,0.0330656452941511,0,0,0,1,0,0,1,0,1,0,0,1,0,0
0,1,0.10313033390506016,-0.5345451980491797,-0.5007544611783037,1.0456868432270148,True,Southampton,no,-0.6240080752947493,1,0,1,0,0,1,0,1,0,0,0,1,0,0
1,3,-1.8594392262573463,0.47587560314134286,0.6896894265922036,-0.6763325066620054,False,Southampton,yes,0.6901393658830515,1,0,1,0,1,0,0,0,1,0,0,0,0,0
1,1,1.2661345177050047,0.47587560314134286,0.6896894265922036,1.135737135505492,False,Southampton,yes,0.6901393658830515,0,0,1,0,0,0,1,0,1,0,0,0,1,0
0,1,0.24850585688005322,-0.5345451980491797,-0.5007544611783037,-0.9446503543260086,True,Southampton,no,-0.6240080752947493,1,0,1,0,0,1,0,1,0,0,0,1,0,0
0,3,1.2661345177050047,-0.5345451980491797,-0.5007544611783037,-0.7696595026383344,True,Southampton,no,-0.6240080752947493,1,0,1,0,1,1,0,1,0,0,0,0,1,0
1,2,-0.11493295055742946,0.47587560314134286,-0.5007544611783037,-0.11344380880955562,False,Cherbourg,yes,0.0330656452941511,0,0,0,1,0,0,1,0,1,0,0,1,0,0
1,3,-1.0598738498948845,-0.5345451980491797,-0.5007544611783037,-0.8473116930747399,False,Cherbourg,yes,-0.6240080752947493,0,0,0,0,1,0,0,1,0,0,1,0,0,0
0,3,-0.6964350424574017,-0.5345451980491797,-0.5007544611783037,-0.7326576870489756,True,Southampton,no,-0.6240080752947493,1,0,1,0,1,1,0,1,0,0,0,1,0,0
1,1,1.9203243710924736,-0.5345451980491797,0.6896894265922036,2.0485572268634304,False,Cherbourg,yes,0.0330656452941511,0,0,0,0,0,0,1,0,1,0,0,0,1,0
1,2,-0.33299623501991904,-0.5345451980491797,0.6896894265922036,-0.025948382965718463,False,Southampton,yes,0.0330656452941511,0,0,1,1,0,0,1,0,1,0,0,1,0,0
0,3,0.24850585688005322,-0.5345451980491797,-0.5007544611783037,-0.8179657272467168,True,Southampton,no,-0.6240080752947493,1,0,1,0,1,1,0,1,0,0,0,1,0,0
0,3,-0.5510595194824087,-0.5345451980491797,-0.5007544611783037,-0.7033073464496604,False,Southampton,no,-0.6240080752947493,0,0,1,0,1,0,1,1,0,0,0,1,0,0
0,2,-0.11493295055742946,-0.5345451980491797,-0.5007544611783037,-0.7040379332554565,True,Southampton,no,-0.6240080752947493,1,0,1,1,0,1,0,1,0,0,0,1,0,0
0,3,0.6846324258050325,-0.5345451980491797,5.451464977674232,0.1107632199152771,False,Queenstown,no,2.661360527649753,0,1,0,0,1,0,1,0,0,1,0,0,1,0
1,1,-0.7691228039448983,-0.5345451980491797,-0.5007544611783037,0.14904246872195587,False,Southampton,yes,-0.6240080752947493,0,0,1,0,0,0,1,1,0,0,0,1,0,0
0,3,-0.11493295055742946,0.47587560314134286,1.8801333143627108,-0.1375050509166109,False,Southampton,no,1.3472130864719518,0,0,1,0,1,0,1,0,1,0,0,1,0,0
1,1,-0.26030847353242254,-0.5345451980491797,-0.5007544611783037,0.14904246872195587,True,Cherbourg,yes,-0.6240080752947493,1,0,0,0,0,1,0,1,0,0,0,1,0,0
0,3,0.1758180953925567,-0.5345451980491797,-0.5007544611783037,-0.8243441437907325,True,Queenstown,no,-0.6240080752947493,1,1,0,0,1,1,0,1,0,0,0,1,0,0
